id,text,occ_labels,from_goemotions,from_gpt4
eer67hr,The only excuse for folding there pre is timing out. Ever. (I really hope that's what happened),"[""Hope"", ""Remorse""]","[""Remorse""]","[""Hope""]"
ef9kad7,It‚Äôs even creepier when it‚Äôs happening TO you. Source: I carried two VERY active babies.,"[""Distress""]",[],"[""Distress""]"
edtkg4f,"You forgot about Argentina, 30k people died here because of the USA","[""Anger"", ""Distress"", ""Reproach""]",[],"[""Anger"", ""Distress"", ""Reproach""]"
ed60yz3,This is why I have trust issues,"[""Disappointment"", ""Distress""]",[],"[""Disappointment"", ""Distress""]"
eecqt7n,Yeah I know a lot of people fail to realize it or at least right away,"[""Neutral""]",[],"[""Neutral""]"
edbfmjb,It‚Äôs also dangerous to be riding a motorcycle waiting behind a stationary car if another car isn‚Äôt paying attention and slams into you.,"[""Fear""]",[],"[""Fear""]"
eep5ghi,"I never understood the part where he dives into a pile of money, even as a child. It seems wildly painful.","[""Distress""]",[],"[""Distress""]"
ed8n3se,It's sad that we have to think of it as a miracle and not a regular occurrence :/,"[""Disappointment"", ""Distress""]",[],"[""Disappointment"", ""Distress""]"
edull4a,"As much as I'd love to say it's mine, sadly I can't","[""Disappointment"", ""Love""]","[""Love""]","[""Disappointment""]"
eemc2ti,My favorite pairing now is [NAME] and [NAME]. There's nothing else good. Of course I Like [NAME] and [NAME] too but I miss [NAME] so much,"[""Distress"", ""Love""]","[""Love""]","[""Distress"", ""Love""]"
ee8vzi8,I wish I could get a lazy Malinois. I love their look and Mal puppies are so cute! But I‚Äôm not a run-everyday dog owner.,"[""Hope"", ""Love"", ""Neutral""]","[""Love""]","[""Hope"", ""Love"", ""Neutral""]"
eepefiy,THIS MADE ME CRY,"[""Distress""]",[],"[""Distress""]"
eenp4x8,YPG has carried out numerous attacks. Yet you seem to judge them on the few messed up things they have done.,"[""Reproach""]",[],"[""Reproach""]"
ef8ilhi,Everyone is sad on this sub dont take it personally if you don't get any replies.,"[""Distress""]",[],"[""Distress""]"
ed8ulgq,Man I thought [NAME] was going to be the real deal. I wanted [NAME] gone so bad around that time.,"[""Disappointment"", ""Resentment""]",[],"[""Disappointment"", ""Resentment""]"
ed3z4b8,"This happens to me all the time I‚Äôm so sorry üò£ it‚Äôs always with burgers, too. So painful. ","[""Distress"", ""Pity""]",[],"[""Distress"", ""Pity""]"
ef0k1s9,I am really sad because my innocent nieces are brainwashed by my crazy sister,"[""Distress""]",[],"[""Distress""]"
eeteuvp,"I‚Äôd keep at this line of dialogue but I‚Äôve got to rewind some videocassettes, sorry. Carry on without me.","[""Neutral"", ""Remorse""]","[""Remorse""]","[""Neutral""]"
eeklhzg,i was leaving areal comments not pormotions but acctually i was leaving many,"[""Neutral""]",[],"[""Neutral""]"
ee0a6m5,"Probably smashed his oil pan too, I'd give that car 3 miles to live.","[""Reproach""]",[],"[""Reproach""]"
edowsax,this is so sad Alexa play despacito,"[""Distress""]",[],"[""Distress""]"
eejm7u2,"I couldn't let [NAME] become carver.. I regret it. [NAME] didn't deserve this, although he was fucking stupid to let his guard down","[""Pity"", ""Remorse"", ""Reproach""]","[""Remorse""]","[""Pity"", ""Remorse"", ""Reproach""]"
edqhnml,"whats the [NAME] story ? sorry, not up to date on the bloke","[""Neutral""]",[],"[""Neutral""]"
edtyc4k,Don't worry. You'll grow out of Pearl Jam.,"[""Reproach""]",[],"[""Reproach""]"
eendd7p,i say no or in da club if they come to damce with me i walk away,"[""Neutral""]",[],"[""Neutral""]"
ed1r3w5,"You're trying to come off smart, but failed. ","[""Reproach"", ""Shame""]",[],"[""Reproach"", ""Shame""]"
ef0b0js,Would love to share this on twitt and FB ...,"[""Love""]","[""Love""]","[""Love""]"
ef0oipp,Love the idea for the [NAME] skin but I think it might be too hard :/,"[""Admiration"", ""Distress"", ""Love""]","[""Love""]","[""Admiration"", ""Distress""]"
efgv1ji,My vanity point for my love for SS is that it has a lance lord.,"[""Love"", ""Pride""]","[""Love""]","[""Love"", ""Pride""]"
edgzsiv,"Wow, you've had your arms open for a long time... Okay! *collapses into your arms*","[""Gratitude"", ""Love"", ""Relief""]","[""Love""]","[""Gratitude"", ""Relief""]"
efd5dbj,Damn you really love using name calling as a crutch don‚Äôt you?,"[""Love"", ""Reproach""]","[""Love""]","[""Reproach""]"
ee8hd4k,I love this post so much. Really drives the point home and made me laugh!,"[""Admiration"", ""Joy"", ""Love""]","[""Love""]","[""Admiration"", ""Joy"", ""Love""]"
ee5yzds,I love daddy long neck and crew. You won‚Äôt be disappointed when you look it up.,"[""Hope"", ""Love""]","[""Love""]","[""Hope"", ""Love""]"
efe7ovt,I would LOVE to be on the show!,"[""Hope"", ""Love""]","[""Love""]","[""Hope"", ""Love""]"
edk0dls,[NAME] [NAME] is like the 72hrs from console of course we like him wtf<3,"[""Admiration"", ""Love""]","[""Love""]","[""Admiration"", ""Love""]"
eeuguhe,"love ya bro, i just love how positive you are!","[""Admiration"", ""Joy"", ""Love""]","[""Love""]","[""Admiration"", ""Joy"", ""Love""]"
eecwhbi,I haven't heard that name in SO LONG. They had this GBA game that was one of my favorite games of all time!,"[""Admiration"", ""Joy"", ""Love""]","[""Love""]","[""Admiration"", ""Joy""]"
ef707vp,Good always love him,"[""Joy"", ""Love""]","[""Love""]","[""Joy"", ""Love""]"
eddjyx2,"This isn't really petty, it's actually brutal. *edit* but well done. I love it!","[""Admiration"", ""Love""]","[""Love""]","[""Admiration"", ""Love""]"
ef0n9gb,Sending you love ‚ù§Ô∏è,"[""Love""]","[""Love""]","[""Love""]"
eer3dqv,And I feel [NAME] in this Chili's tonight!,"[""Joy"", ""Love""]","[""Love""]","[""Joy""]"
edvawr9,I'd enjoy a nice warm hug. Along with a delightful conversation. But that works too.,"[""Hope"", ""Joy"", ""Love""]","[""Love""]","[""Hope"", ""Joy""]"
edw3str,Haha okay. Much love brother!,"[""Joy"", ""Love""]","[""Love""]","[""Joy"", ""Love""]"
eerp9gl,"I love that! We need a ""We have cookies"" line for her, now!","[""Joy"", ""Love""]","[""Love""]","[""Joy"", ""Love""]"
ednlfic,I'd love for someone to pay a little attention to me,"[""Hope"", ""Love""]","[""Love""]","[""Hope""]"
eehey86,Drop it off at a tent city or homeless camp. I've done it with an old Adirondak chair and they seemed to love it.,"[""Gratification"", ""Love"", ""Pride""]","[""Love""]","[""Gratification"", ""Pride""]"
eehe78m,That is awesome to know. I‚Äôm moving back to Chicago in August.,"[""Joy"", ""Love""]","[""Love""]","[""Joy""]"
eei3fhx,Apologies for vertical view! Bonus commentary from my mini me that loves this sub!,"[""Love""]","[""Love""]","[""Love""]"
ef3v76i,I like this man.,"[""Admiration"", ""Love""]","[""Love""]","[""Admiration"", ""Love""]"
ed30hxp,Same. It's my favorite show to watch in the morning. The whole crew is so likeable.,"[""Admiration"", ""Joy"", ""Love""]","[""Love""]","[""Admiration"", ""Joy""]"
ed9vnbc,Love it.,"[""Joy"", ""Love""]","[""Love""]","[""Joy""]"
editlbc,I love [NAME]. He's another great option for 6th man.,"[""Admiration"", ""Love""]","[""Love""]","[""Admiration"", ""Love""]"
ee3o1tt,Yeah I'm gonna do that....Thank you...she just doesn't like the feeling of condoms but i dont care need to put my foot down,"[""Gratitude""]","[""Gratitude""]","[""Gratitude""]"
edqi9bi,THANK YOU!,"[""Gratitude""]","[""Gratitude""]","[""Gratitude""]"
efgx7aj,"I didn't get it the first time, thank you for replying me.","[""Gratitude""]","[""Gratitude""]","[""Gratitude""]"
ef8xt0k,Thanks! Thank you for sharing!,"[""Gratitude""]","[""Gratitude""]","[""Gratitude""]"
edjdwfh,Thank you so much. ‚ù§ I'm going to be okay.,"[""Gratitude"", ""Relief""]","[""Gratitude""]","[""Gratitude"", ""Relief""]"
eexx1bp,"Very true thank you for the insight, this does help as I need to remind myself this is a new relationship and part of our reconciliation.","[""Gratitude"", ""Hope""]","[""Gratitude""]","[""Gratitude"", ""Hope""]"
ef41eda,"I‚Äôm only allowed to see counselor once every 2 weeks, so that sucks. Thanks! Best of luck to you too","[""Distress"", ""Gratitude""]","[""Gratitude""]","[""Distress"", ""Gratitude""]"
eeqroej,I do have EAP and was lucky enough to get 10 sessions using it. I‚Äôll chat with my boss tomorrow about taking time off. Thank you!,"[""Gratitude"", ""Hope"", ""Relief""]","[""Gratitude""]","[""Gratitude"", ""Hope"", ""Relief""]"
eez17be,Thanks cool sub,"[""Gratitude""]","[""Gratitude""]","[""Gratitude""]"
ed6xvyo,> neoprene kayaking gloves Thanks will check them out!!,"[""Gratitude""]","[""Gratitude""]","[""Gratitude""]"
edd9vc4,Beautiful and thank you for the inspiration.,"[""Admiration"", ""Gratitude"", ""Joy""]","[""Gratitude""]","[""Admiration"", ""Gratitude"", ""Joy""]"
ee1byj4,Thank you. Very very much,"[""Gratitude""]","[""Gratitude""]","[""Gratitude""]"
eetbawj,Ahh yeah I've been there didn't know it had a name. Thanks dude.,"[""Gratitude""]","[""Gratitude""]","[""Gratitude""]"
edrevqu,"Love the top logo although I‚Äôd gladly take the bottom one, the goat head, or a poop emoji any day over the buffaslug.","[""Admiration"", ""Gratitude"", ""Reproach""]","[""Gratitude""]","[""Admiration"", ""Reproach""]"
ed0ftgl,Thanks that's very helpful because I can't seem to decifer all of the levels of irony in some posts on this subreddit haha.,"[""Gratitude"", ""Joy""]","[""Gratitude""]","[""Gratitude"", ""Joy""]"
ee7key4,Thanks for sharing! I can so see me taking the scraps when he inevitably is having a good day and reaches out. I will resist!,"[""Gratitude"", ""Hope"", ""Satisfaction""]","[""Gratitude""]","[""Gratitude"", ""Hope"", ""Satisfaction""]"
efbnv71,Thanks for the P.S,"[""Gratitude""]","[""Gratitude""]","[""Gratitude""]"
ef3glxa,Thank god the league doesn't force teams to trade or transfer it's player.,"[""Gratitude"", ""Relief""]","[""Gratitude""]","[""Relief""]"
ef7aoqo,Thank you ladies !,"[""Gratitude""]","[""Gratitude""]","[""Gratitude""]"
edobr2l,Thanks now I gotta go listen to golden earring,"[""Gratitude""]","[""Gratitude""]","[""Gratitude""]"
edg1vyh,I have a great connect for 2c-b,"[""Gratitude"", ""Pride""]","[""Gratitude""]","[""Pride""]"
edj4oiq,"Welcome. By the way, so hyped for our game in September. DKR is gonna be rockin!","[""Gratitude"", ""Hope"", ""Joy""]","[""Gratitude"", ""Joy""]","[""Hope"", ""Joy""]"
edlsu0i,Prove me wrong. Provide a single YouTube link that works! Thanks.,"[""Gratitude"", ""Reproach""]","[""Gratitude""]","[""Reproach""]"
efamqsr,"I'll look into it, thank you! :)","[""Gratitude""]","[""Gratitude""]","[""Gratitude""]"
edm887i,Thank you so much . I'm really really really nervous.. I just want to cry.,"[""Distress"", ""Fear"", ""Gratitude""]","[""Gratitude""]","[""Distress"", ""Fear"", ""Gratitude""]"
eezyqc9,Still can't see. Thanks.,"[""Distress"", ""Gratitude""]","[""Gratitude""]","[""Distress"", ""Gratitude""]"
eed633g,Funny never not will be this.,"[""Joy""]",[],"[""Joy""]"
ee6r3z3,I'm sorry that's what you read because it isn't what I said.,"[""Remorse""]",[],"[""Remorse""]"
edabo1z,"I don‚Äôt want everybody to live the same way as me, I just wanted to express the stupidity of it.","[""Reproach""]",[],"[""Reproach""]"
ee4yfgi,"What makes it a non sequitur? The point is, just because someone is in the DSA doesn't mean they are a *democratic* socialist","[""Reproach""]",[],"[""Reproach""]"
ee2vq00,No need to be sorry if you are seeking to leave ignorance. The only bad thing an ignorant person can do is willfully and knowingly stay ignorant,"[""Reproach""]",[],"[""Reproach""]"
ed503bh,This is incorrect. Taiwan was regarded as an island of no importance.,"[""Reproach""]",[],"[""Reproach""]"
ed3ekca,"No, not sarcastically :) ","[""Neutral""]",[],"[""Neutral""]"
eezjxuv,Last I checked people weren't running around raping people wearing MAGA hats.,"[""Reproach""]",[],"[""Reproach""]"
ee82nu4,I highly doubt that the ChiSox offered him anything more than $210m. Either way it‚Äôs inexcusable for the yanks not to match,"[""Anger"", ""Disappointment""]",[],"[""Anger"", ""Disappointment""]"
ef2lwbu,I'm not going out of my way to watch it but I might channel flip,"[""Neutral""]",[],"[""Neutral""]"
ef89nrp,"It's not you, Taco Bell is grade D racoon meat and isn't fit for human consumption.","[""Reproach""]",[],"[""Reproach""]"
efafitb,> This is wrong on so many levels.,"[""Reproach""]",[],"[""Reproach""]"
edj7vcj,People done be ignorant,"[""Reproach""]",[],"[""Reproach""]"
ee3psor,"Maybe it needs to be ""Hall of Shame"" instead of a museum.","[""Reproach""]",[],"[""Reproach""]"
edh01o9,that's not scarcity its desperation and prioritizing looks over everything else,"[""Reproach""]",[],"[""Reproach""]"
eesevbh,Hmm... I don't think EPCOR is the reason the oilers suck,"[""Neutral""]",[],"[""Neutral""]"
ees3i0v,Why are you okay with racism and why are slurs the red line?,"[""Anger"", ""Reproach""]",[],"[""Anger"", ""Reproach""]"
eeepdbd,"Most of the people on top aren't even very relevant anymore, at least not nearly as relevant as they used to be","[""Distress"", ""Reproach""]",[],"[""Distress"", ""Reproach""]"
edhl3yn,I'm so bad playing solo! I guess I need people to help me improve.,"[""Shame""]",[],"[""Shame""]"
edrzoy6,"""therapy>no therapy"" very debatable, my friend.","[""Reproach""]",[],"[""Reproach""]"
ees8gjp,"Why delete it. It's relatable, never be shamed of what you're going through. ","[""Admiration"", ""Pride""]",[],"[""Admiration"", ""Pride""]"
ef5qh5m,"No, that's not possible. If you have proof then it's not misinformation what your spreading but simply information. ","[""Reproach""]",[],"[""Reproach""]"
ee7tmgm,"We don't undervalue him, almost any and all experts thing he is just not worth his contract.","[""Reproach""]",[],"[""Reproach""]"
eeno43u,"my good woman, I'm not sure that you handled it poorly","[""Neutral""]",[],"[""Neutral""]"
ed3bdji,"The abilities look cool, but that trait is a little dull. It's almost exactly the same as [NAME].","[""Neutral"", ""Reproach""]",[],"[""Neutral"", ""Reproach""]"
efeg5la,"Unless he was lying about his age, no.","[""Neutral""]",[],"[""Neutral""]"
ef8ffwu,Unbelievable! Here. Have your iPad back. Not interested in being treated like a criminal. I‚Äôll write home with pen and paper,"[""Anger"", ""Distress"", ""Reproach""]",[],"[""Anger"", ""Distress"", ""Reproach""]"
edmtqqi,Cuz some things could become brittle and break...,"[""Fear""]",[],"[""Fear""]"
edqmqf8,Anzac day rules are even dumber,"[""Anger"", ""Reproach""]",[],"[""Anger"", ""Reproach""]"
edrq7rl,"Oops, accidentally fed the troll. Ah well, we all gotta eat. Guess I'm feeling charitable. üòâ","[""Gratitude"", ""Neutral"", ""Satisfaction""]",[],"[""Gratitude"", ""Neutral"", ""Satisfaction""]"
ee5i0j2,I have trophy jeans and a trophy bra! Although RIP my boobs because they were the one thing I liked about my body back then :),"[""Distress"", ""Joy""]",[],"[""Distress"", ""Joy""]"
eee7268,"Reply with ""Oh, my bad"". Don't make a big fuss out of it. People make mistakes.","[""Neutral"", ""Remorse""]",[],"[""Neutral"", ""Remorse""]"
edrxddt,Your reading comprehension isn't very good.,"[""Reproach""]",[],"[""Reproach""]"
eeywu1l,this is stunning footage of [NAME] dressed as a sheep.... and now after beto parody twiiter account was banned... it was allowed back,"[""Admiration"", ""Relief""]",[],"[""Admiration"", ""Relief""]"
eeop7db,Well good luck with that. [NAME] does nothing but be a minor headache with occasionally killing some border guards.,"[""Reproach"", ""Resentment""]",[],"[""Reproach"", ""Resentment""]"
edtomb0,"Do people really use the phrase ""my kid is poorly"" to mean sick? The grammar in this post is really bothering me.","[""Distress"", ""Reproach""]",[],"[""Distress"", ""Reproach""]"
edlpr9c,Oh I forgot how gross [NAME] can be,"[""Distress"", ""Reproach""]",[],"[""Distress"", ""Reproach""]"
edxse6w,deserved better :/,"[""Disappointment""]",[],"[""Disappointment""]"
eeqgqho,Damn you! Now all this dirty money is flooding Frankfurt and Dublin!,"[""Anger"", ""Reproach""]",[],"[""Anger"", ""Reproach""]"
edugqcn,"Thanks! But I was only offered one batch today, it was reallly slow.","[""Disappointment"", ""Gratitude""]","[""Gratitude""]","[""Disappointment"", ""Gratitude""]"
edtmotl,I hope you figure out what to do! It is real shit situation and it is awful what he said to you.,"[""Distress"", ""Hope""]",[],"[""Distress"", ""Hope""]"
ed6lpy6,My First thought too! I get really bad stress knots in my neck and shoulders. I just don‚Äôt dare to ask every Damn day it hurts,"[""Distress""]",[],"[""Distress""]"
ef7l6mu,"When did they stick to those policies, sure the US isn't innocent, but fuck that? This hypocrisy is unbelievable, it's cringy FFS.","[""Anger"", ""Distress"", ""Reproach""]",[],"[""Anger"", ""Distress"", ""Reproach""]"
ed4cr1y,"I know this is late, but I can‚Äôt believe I missed this. Love it.","[""Distress"", ""Love""]","[""Love""]","[""Distress"", ""Love""]"
ee1bqvq,People would still always parry them (600ms) :(,"[""Disappointment""]",[],"[""Disappointment""]"
efhaitr,oh [NAME] I unleashed the beast,"[""Pride""]",[],"[""Pride""]"
ef91uq5,[NAME] gave me depression because had I been left unchecked I would have bested him in hand to hand combat by age 16,"[""Distress"", ""Resentment""]",[],"[""Distress"", ""Resentment""]"
ed29lip,movie sucks do yourself a favor and watch the Infernal Affairs trilogy they bastardized,"[""Anger"", ""Distress"", ""Reproach""]",[],"[""Anger"", ""Distress"", ""Reproach""]"
ee5nr5l,I'm still so sad we never got to see [NAME] witnessing his miracle baby's first steps. ‚òπÔ∏è,"[""Disappointment"", ""Distress""]",[],"[""Disappointment"", ""Distress""]"
ef9895i,"I hope you can get some relief soon, I can‚Äôt imagine how awful that must feel ","[""Hope"", ""Pity""]",[],"[""Hope"", ""Pity""]"
edcf1nx,"I'm always stuck in platinum because every match is a loss, no healer what so ever","[""Disappointment"", ""Distress""]",[],"[""Disappointment"", ""Distress""]"
ef17zkd,Posts like this depress me severely. I pray to [NAME] my kids don't live with me until they are almost 30.,"[""Distress"", ""Fear""]",[],"[""Distress"", ""Fear""]"
eeylwuu,That‚Äôs adorable! He probably wants them all in one spot so he can make sure they‚Äôre ok and not getting lost or hurt.,"[""Admiration"", ""Joy""]","[""Admiration""]","[""Admiration"", ""Joy""]"
ef57uwb,That sounds like a lovely time :D,"[""Admiration"", ""Joy""]","[""Admiration""]","[""Joy""]"
ee1i2s9,Nice work as always dish.,"[""Admiration""]","[""Admiration""]","[""Admiration""]"
eec3ddy,Or you could y'know just be a nice person and respect other people's opinions and likes? ^Since ^you ^clearly ^have ^plenty ^of ^your ^own,"[""Admiration"", ""Reproach""]","[""Admiration""]","[""Reproach""]"
eeclwef,"Thank you, I thought the plane in the picture was cool too. I am. One of the best pictures I‚Äôve taken with my phone.","[""Admiration"", ""Gratitude"", ""Pride""]","[""Admiration""]","[""Gratitude"", ""Pride""]"
edvnypa,"I would applaud, but a polite golf clap seems more appropriate. Well done. üëè üëè ","[""Admiration"", ""Satisfaction""]","[""Admiration""]","[""Admiration"", ""Satisfaction""]"
edg1iwk,She looks late 30s. She‚Äôs gorgeous.,"[""Admiration""]","[""Admiration""]","[""Admiration""]"
ed1i8ue,You guys really took this loss well. I'm stunned at how not-salty you minor leaguers are taking it. Totally not full of excuses and what-ifs.,"[""Admiration"", ""Reproach"", ""Resentment""]","[""Admiration""]","[""Reproach"", ""Resentment""]"
ed3qe4k,"We are by far the greatest team the world has ever seen, we are just having a rough patch.","[""Admiration"", ""Hope"", ""Pride""]","[""Admiration""]","[""Hope"", ""Pride""]"
edclh5n,[NAME] is one of the worst announcers ever. [NAME] is one of the best.,"[""Admiration"", ""Reproach""]","[""Admiration""]","[""Admiration"", ""Reproach""]"
effzvgt,Came to say the Ravens. I always pull for them no matter what for your laid or reasons. Plus their black and purple jerseys are so nice.,"[""Admiration"", ""Love""]","[""Admiration""]","[""Admiration"", ""Love""]"
ee1h48v,Awesome footage. The one child signing to look into his eyes looks as though he is jaundiced. His eyes are quite green yellow colour.,"[""Admiration"", ""Neutral""]","[""Admiration""]","[""Neutral""]"
ef130q0,"That's interesting, thank you. I'll mention it to the psych when I see them next.","[""Admiration"", ""Gratitude""]","[""Admiration"", ""Gratitude""]","[""Gratitude""]"
eey7ols,I‚Äôm finishing that right now. Very fascinating.,"[""Admiration"", ""Satisfaction""]","[""Admiration""]","[""Satisfaction""]"
ef75xoy,This is the guy to talk to! Draftbuffs amazing and getting better constantly.,"[""Admiration""]","[""Admiration""]","[""Admiration""]"
eddd4o9,Happy cake day bot!!,"[""Admiration"", ""Joy""]","[""Admiration""]","[""Joy""]"
ef3z1nv,"Nice little train journey. Come on everyone, shower up before the tour","[""Admiration"", ""Neutral""]","[""Admiration""]","[""Neutral""]"
ef0cpad,"Safeco had these chocolate covered ""fruit kabobs"" that were damn good. ","[""Admiration"", ""Satisfaction""]","[""Admiration""]","[""Satisfaction""]"
ed7cw0f,"you made history, at least","[""Admiration""]","[""Admiration""]","[""Admiration""]"
eeebl6z,I think [NAME] is the best QB Prospect since [NAME] and I would kill for my Lions to get him.,"[""Admiration"", ""Hope""]","[""Admiration""]","[""Admiration"", ""Hope""]"
ee1tlj4,persistence that is working perfectly fine...thanks to backup scripts lol,"[""Admiration"", ""Gratitude"", ""Satisfaction""]","[""Admiration"", ""Gratitude""]","[""Gratitude"", ""Satisfaction""]"
eev73fs,"Thanks for the info, appreciate it. ","[""Admiration"", ""Gratitude""]","[""Admiration"", ""Gratitude""]","[""Gratitude""]"
edlys7y,"Saw [NAME] of Big Bang Theory many years ago without makeup and she looked awful, and that was when she was pretty","[""Admiration"", ""Distress"", ""Reproach""]","[""Admiration""]","[""Distress"", ""Reproach""]"
ee0vzik,Very handsome!!,"[""Admiration""]","[""Admiration""]","[""Admiration""]"
eep3xik,"its great that she takes care of you, but remember to let her know that she can lean on you","[""Admiration"", ""Gratitude""]","[""Admiration""]","[""Admiration"", ""Gratitude""]"
ed51o1i,"Many people from 2004 played Fortnite too. You know, because it's a good game and not everyone likes to hate on things arbitrarily.","[""Admiration"", ""Satisfaction""]","[""Admiration""]","[""Satisfaction""]"
ed872n2,> A good jab to the sternum is what I was taught. maybe a sharpened bat would work better?,"[""Anger"", ""Hate""]",[],"[""Anger"", ""Hate""]"
een4h6d,I don't reveal my sources. Gotta keep my journalistic integrity.,"[""Pride""]","[""Pride""]","[""Pride""]"
ee2uele,He's just getting kicks from pushing buttons. Keep fighting and never give up. It will get better eventually.,"[""Hope"", ""Reproach""]",[],"[""Hope"", ""Reproach""]"
ed5uvsf,It's just bizarre you would criticize [NAME] on his development capabilities when he's not a developer... His specialties are centered around crypto philosophy,"[""Reproach""]",[],"[""Reproach""]"
edy2qyz,The absolute subhuman filth that worships [NAME] will believe that this isn't even a photoshop,"[""Anger"", ""Distress"", ""Hate"", ""Reproach""]",[],"[""Anger"", ""Distress"", ""Hate"", ""Reproach""]"
eeseewv,Correct. The LTB judgements are enforced by going through small claims. Which makes for another hurdle for tenants trying to collect judgements.,"[""Distress""]",[],"[""Distress""]"
ed01zcq,Are we not going to discuss the fact that his head is forming from the top of his ear,"[""Neutral""]",[],"[""Neutral""]"
ef8dws3,Sometimes to do what's right we must give up the thing we want the most... even our dreams.,"[""Disappointment"", ""Remorse""]",[],"[""Disappointment"", ""Remorse""]"
ef5bqzb,"at least give the penguin some scritches, as it said no matter what they do, it would head to the mountain anyways üò≠","[""Pity""]",[],"[""Pity""]"
ed49tve,I got that feeling as well. Hoping he retires a Jet. We are the one org that embraced him. He was coaching sam every step.,"[""Hope"", ""Pride""]",[],"[""Hope"", ""Pride""]"
efbpxa7,"Scratch that, tickets go on sale February 7th.","[""Neutral""]",[],"[""Neutral""]"
ed3ngub,I would love it if we got Nino! Nino - Mitts - Sheary would be a great second line.,"[""Hope"", ""Love""]","[""Love""]","[""Hope""]"
ed5r7je,"Nobody forced [NAME] to take [NAME] over [NAME], if he liked him that much then he should‚Äôve just taken him.","[""Reproach""]",[],"[""Reproach""]"
edl1b63,I hope he isn't scared to over power the thibs guys on the coaching staff. It seems like he is a hestitant to make any major changes.,"[""Fear"", ""Hope""]",[],"[""Fear"", ""Hope""]"
edlnfam,Now I really hope he spends a few days meditating on music and then gets back to us on his insights regarding Giant Steps by [NAME].,"[""Hope""]",[],"[""Hope""]"
eevgtxz,11 seconds. I'll try harder next time.,"[""Disappointment"", ""Hope""]",[],"[""Disappointment"", ""Hope""]"
eeru33m,Yeah I usually do it if no-one will,"[""Neutral""]",[],"[""Neutral""]"
efgsis5,Any time. Sorry she is putting you through this. I hope you two figure it out soon.,"[""Hope"", ""Pity"", ""Remorse""]","[""Remorse""]","[""Hope"", ""Pity""]"
edbkecf,"The only rank that can't be deranked is diamond. However, all rewards are based on peak elo. So don't be afraid to keep playing.","[""Hope"", ""Relief""]",[],"[""Hope"", ""Relief""]"
efdeiv1,Yeah I totally wasn‚Äôt going to until I saw this comment.,"[""Neutral""]",[],"[""Neutral""]"
edxxorc,"Precisely that. I hope you‚Äôre able to find strategies to deal with it easier, it‚Äôs really tough","[""Hope"", ""Pity""]",[],"[""Hope"", ""Pity""]"
ee41fyp,"This is why, when I do it, I'm gonna do it as quick and brutally as possible. This is inhumane.","[""Neutral""]",[],"[""Neutral""]"
eekdcz4,For sure larrisa so I can try and bang her,"[""Neutral""]",[],"[""Neutral""]"
edsljig,"I don't think it's age related, we all forget how much newborns suck. If we didn't we'd stop having babies.","[""Gratitude"", ""Neutral"", ""Relief""]",[],"[""Gratitude"", ""Neutral"", ""Relief""]"
eep8b6o,Are 3.0 still active? I was really hoping they would have gotten signed after their tryout camp a couple years back.,"[""Disappointment"", ""Hope""]",[],"[""Disappointment"", ""Hope""]"
ef8tykf,Sleep > class Thats the only way,"[""Satisfaction""]",[],"[""Satisfaction""]"
ee7ay1h,"What do you mean strap around the bulls nuts?!,!? Sorry not into rodeo things ","[""Distress"", ""Remorse""]","[""Remorse""]","[""Distress""]"
ee65luq,Always felt like this match would go 5. Come on [NAME]!,"[""Hope"", ""Remorse""]","[""Remorse""]","[""Hope""]"
eei6f4q,"What are you even talking about? I'm sorry you don't like [NAME], get over it.","[""Remorse"", ""Reproach""]","[""Remorse""]","[""Reproach""]"
edeegz4,"He wants to make excuses for his affair and I doubt you'll feel better after listening to him. In fact, you may actually feel worse. ","[""Distress"", ""Remorse"", ""Reproach""]","[""Remorse""]","[""Distress"", ""Reproach""]"
ed10ppm,Sorry about that!,"[""Remorse""]","[""Remorse""]","[""Remorse""]"
edsy0lz,"i heard it was like 300,000 german pows he just sprayed down after shooting his 30 round mag into them.","[""Distress"", ""Remorse"", ""Reproach""]","[""Remorse""]","[""Distress"", ""Reproach""]"
ee18oid,I regret that I understand that reference :(,"[""Distress"", ""Remorse""]","[""Remorse""]","[""Distress"", ""Remorse""]"
ed7rzgo,just awful I'm gonna throw a barbeque to get back at them,"[""Anger"", ""Remorse"", ""Reproach""]","[""Remorse""]","[""Anger"", ""Reproach""]"
ee7llsz,"Oh, I definitely got muted, too.","[""Neutral"", ""Remorse""]","[""Remorse""]","[""Neutral""]"
eesgbva,Ok my apologies then!,"[""Remorse""]","[""Remorse""]","[""Remorse""]"
ee6sids,"Sorry, but you probably do given the AVers do have a limited literary skills at the best of times.","[""Remorse"", ""Reproach""]","[""Remorse""]","[""Reproach""]"
ee90c4h,"We need to get some away wins now more than ever. 2nd half of the season, no more time to be circle jerking each other! ","[""Anger"", ""Hope"", ""Remorse""]","[""Remorse""]","[""Anger"", ""Hope""]"
eejhlt1,My one regret is not making an account sooner. I lurked for a long time because I felt like I didn't have anything worth saying.,"[""Remorse"", ""Shame""]","[""Remorse""]","[""Remorse"", ""Shame""]"
ee7toae,That was my mistake. It should only show your First Name and The 1st letter of my last name.,"[""Remorse""]","[""Remorse""]","[""Remorse""]"
edtzphs,"If he has to put up with people like you, I feel even more sorry for him now. Yikes. ","[""Distress"", ""Pity"", ""Remorse""]","[""Remorse""]","[""Distress"", ""Pity""]"
eev0nua,I'm sorry but data and facts are more important than the emotional experience of having lived through something.,"[""Remorse"", ""Reproach""]","[""Remorse""]","[""Reproach""]"
ee48xtb,"Sorry, not sorry, but this seems wrong and extremely disrespectful.","[""Anger"", ""Remorse"", ""Reproach""]","[""Remorse""]","[""Anger"", ""Reproach""]"
edtjxgi,Damn didn‚Äôt see it sorry,"[""Remorse""]","[""Remorse""]","[""Remorse""]"
edwxw1c,That woman is simultaneously very evil and using her evil to make others regret doing evil things.,"[""Admiration"", ""Hate"", ""Remorse"", ""Reproach""]","[""Remorse""]","[""Admiration"", ""Hate"", ""Reproach""]"
eec8q6g,"Sorry, ""semi"". Happy?","[""Remorse"", ""Reproach""]","[""Remorse""]","[""Reproach""]"
ef8he49,"I regret not grabbing my work laptop today, then I wouldn't have to leave fort blanket until Thursday. ","[""Remorse""]","[""Remorse""]","[""Remorse""]"
edgasry,"From his username I can tell he lives in a city close to me. I'm sorry everyone, Vermont has better to offer than the likes of him","[""Remorse"", ""Reproach""]","[""Remorse""]","[""Reproach""]"
eekhik8,"I‚Äôm sorry if I hurt your fragile ego, you should get off the internet lol","[""Anger"", ""Remorse"", ""Reproach""]","[""Remorse""]","[""Anger"", ""Reproach""]"
eedz75s,Why are you sorry for your grandma? She did what she had to do in order to get what she had paid for.,"[""Neutral"", ""Remorse""]","[""Remorse""]","[""Neutral""]"
efepvfa,"gotchu lol, in that case sorry you got downvoted to hell for this lol","[""Pity"", ""Remorse""]","[""Remorse""]","[""Pity""]"
eemn83v,"Sorry man, losing the championship after picking him up this year is a tough break","[""Distress"", ""Pity"", ""Remorse""]","[""Remorse""]","[""Distress"", ""Pity""]"
edbs9ek,I‚Äôm happy he made it and not [NAME],"[""Happy-for"", ""Joy"", ""Resentment""]","[""Joy""]","[""Happy-for"", ""Resentment""]"
ee4yzfu,"Except for ""fighting liberalism"". Happy cake day.","[""Joy"", ""Neutral""]","[""Joy""]","[""Neutral""]"
edak5lv,I've finally found my people who know the struggle.,"[""Joy"", ""Relief""]","[""Joy""]","[""Joy"", ""Relief""]"
edgmgcp,He probably enjoyed it so much with his frat brothers that he's willing to buck his own party for good weed.,"[""Admiration"", ""Joy""]","[""Joy""]","[""Admiration""]"
ee8pp9d,This a very obvious joke. Also the old facepalm picture doesn't make your post better.,"[""Joy"", ""Reproach""]","[""Joy""]","[""Reproach""]"
efegv53,"Unless you're trying it with dollarstore shit, don't risk wasting the money. Just enjoy it.","[""Joy"", ""Reproach"", ""Satisfaction""]","[""Joy""]","[""Reproach"", ""Satisfaction""]"
edz80ej,Oh well... I'll like both of you.,"[""Joy"", ""Love""]","[""Joy""]","[""Love""]"
edu2qdp,Nice. Me too. I'm 2002. You?,"[""Joy"", ""Neutral""]","[""Joy""]","[""Neutral""]"
eefdghv,"Me too! And he was so happy to get that out of her back, he seems like he really cares.","[""Admiration"", ""Happy-for"", ""Joy""]","[""Joy""]","[""Admiration"", ""Happy-for""]"
eehmqtv,This is how it should be. I'm so happy to see this post.,"[""Joy"", ""Satisfaction""]","[""Joy""]","[""Joy"", ""Satisfaction""]"
eea6x7z,"$42,000 fine over a JOKE is unreasonable. ","[""Anger"", ""Joy""]","[""Joy""]","[""Anger""]"
eef7o9r,lol [NAME].,"[""Joy"", ""Neutral""]","[""Joy""]","[""Neutral""]"
ee0drz8,Awesome! [NAME] is stilling kicking it through the uprights!,"[""Admiration"", ""Joy""]","[""Joy""]","[""Admiration"", ""Joy""]"
efd6fhq,Funny joke.,"[""Joy""]","[""Joy""]","[""Joy""]"
ef8rg5d,They gave me free Subnautica which is an incredibly wonderful game so I'm pretty darn happy. And it's not exclusive.,"[""Gratitude"", ""Joy""]","[""Joy""]","[""Gratitude"", ""Joy""]"
eeyaomy,It's time to cultivate some mass.,"[""Joy"", ""Neutral""]","[""Joy""]","[""Neutral""]"
edbto6y,"Well, at least you'll have plenty of company","[""Joy"", ""Relief""]","[""Joy""]","[""Relief""]"
ed7hs36,That's my horse!,"[""Joy"", ""Pride""]","[""Joy""]","[""Pride""]"
eduersu,"I'm going to use ""my dicky has to perpetually get sticky"" as a line to pick up ladies. Wish me luck, guys!","[""Hope"", ""Joy""]","[""Joy""]","[""Hope""]"
ef85zca,"I like this template, it makes me happy.","[""Joy"", ""Love""]","[""Joy"", ""Love""]","[""Joy""]"
edomj00,It really is! I loved everything about it. I'm so happy my friend told me about the franchise :),"[""Gratitude"", ""Joy"", ""Love""]","[""Joy"", ""Love""]","[""Gratitude"", ""Joy""]"
ee0br2k,Me and my brother were both born and raised in SC but both our parents are from MI. So we were raised fans from the beginning,"[""Joy"", ""Pride""]","[""Joy""]","[""Pride""]"
ed20fjc,oh Ye crazy again for 2019 huh,"[""Joy"", ""Neutral""]","[""Joy""]","[""Neutral""]"
ed1bkeu,Three years ago I did! Ended up hospitalized for 5 days. I can say that I'm in a much better place now. :),"[""Joy"", ""Relief"", ""Satisfaction""]","[""Joy""]","[""Joy"", ""Relief"", ""Satisfaction""]"
ed5uacr,"Me and friends just got Vermintide 2, and it isn't an MMO but it solves a lot of MMO problems we had. Quite fun so far.","[""Joy"", ""Relief"", ""Satisfaction""]","[""Joy"", ""Relief""]","[""Joy"", ""Satisfaction""]"
eczg4ys,Happy New Year everyone!,"[""Joy""]","[""Joy""]","[""Joy""]"
efbnn3t,"This is more like Instant Karma. The schadenfreude is strong with me, here! Wish I could upvote this twice! :)","[""Anger"", ""Gloating"", ""Joy""]","[""Anger""]","[""Gloating"", ""Joy""]"
ee0m7ga,He was a bony old bastard and probably jealous of their big cat energy.,"[""Anger"", ""Reproach"", ""Resentment""]","[""Anger""]","[""Reproach"", ""Resentment""]"
ed61h49,¬´WHAT ARE YOU DOING IN MY SWAMP????¬ª yelled [NAME].,"[""Anger""]","[""Anger""]","[""Anger""]"
eeb2ccj,You just posted the same thing but made it worse.,"[""Anger"", ""Reproach""]","[""Anger""]","[""Reproach""]"
edzmkbp,"It's hard to have a nuanced opinion, innit? But I don't like everything he does. This is one if them.","[""Anger"", ""Reproach""]","[""Anger""]","[""Reproach""]"
ed8vsxg,"Shut up, or you'll be tossed off the roof!","[""Anger"", ""Fear""]","[""Anger""]","[""Anger"", ""Fear""]"
ed7tqvl,It's ridiculous that [NAME] has inspired way more people to join rather than leave but there are way more media articles by people who have left.,"[""Anger"", ""Resentment""]","[""Anger""]","[""Anger"", ""Resentment""]"
ef43srf,That son of a bitch!,"[""Anger""]","[""Anger""]","[""Anger""]"
ef2ccvq,Who the hell thinks he isn‚Äôt overpaid,"[""Anger"", ""Reproach""]","[""Anger""]","[""Anger"", ""Reproach""]"
ef8ewsw,"Ha, my husband goes out after you guys have done your thing and checks for himself, he's been burned too many times.","[""Anger"", ""Resentment""]","[""Anger""]","[""Resentment""]"
ed8orl0,Yes no one wants your little failed abortion ruining their meal,"[""Anger"", ""Hate"", ""Reproach""]","[""Anger""]","[""Anger"", ""Hate"", ""Reproach""]"
een13zh,Mom.......MOTHERFUCKING CRACK,"[""Anger"", ""Distress""]","[""Anger""]","[""Distress""]"
edmwrn4,The fuck is a fortnight? Like the game?,"[""Anger"", ""Neutral""]","[""Anger""]","[""Neutral""]"
edcl0uj,Well this is frustrating.,"[""Anger"", ""Distress""]","[""Anger""]","[""Distress""]"
eehpq6s,"It's shit, it's over, put the damn format to bed and send the cunts who make it over to Fox","[""Anger"", ""Distress"", ""Reproach""]","[""Anger""]","[""Anger"", ""Distress"", ""Reproach""]"
ee28b5b,She's just going to suck you back in.,"[""Anger"", ""Distress"", ""Fear""]","[""Anger""]","[""Distress"", ""Fear""]"
ef76ge5,"I hate the argument too. It betrays and exposes the violent, primitive ape amygdala response that is most Human social interaction. ","[""Anger"", ""Hate"", ""Reproach""]","[""Anger""]","[""Hate"", ""Reproach""]"
eer6zsq,"Please stop posting things like this, this is serious, keep it civil, keep it real, thanks.","[""Anger"", ""Gratitude"", ""Reproach""]","[""Anger"", ""Gratitude""]","[""Reproach""]"
eesxp0i,Who the hell has reddit in anything other than dark mode ??,"[""Anger"", ""Reproach""]","[""Anger""]","[""Reproach""]"
eepefiy,THIS MADE ME CRY,"[""Anger"", ""Distress""]","[""Anger""]","[""Distress""]"
ef6efte,And you know they never grow out of that...I hate people. Myself included.,"[""Anger"", ""Hate"", ""Shame""]","[""Anger""]","[""Hate"", ""Shame""]"
ef78vt9,"THE IMAGE ASKS ""WOULD YOU VIOLENCE THIS BABY IF BABY WORE HAT"" THE ANSWER IS ""NEH""","[""Anger"", ""Neutral""]","[""Anger""]","[""Neutral""]"
eepcbjy,Well.... fuck,"[""Anger"", ""Distress""]","[""Anger""]","[""Distress""]"
eegt0p6,School Board Trustees are leeches of the system in any district. It's the most unnecessary position that does nothing more than continuous damage.,"[""Anger"", ""Hate"", ""Reproach""]","[""Anger""]","[""Anger"", ""Hate"", ""Reproach""]"
eekn9ce,"Have you had no withdrawal symptoms? Did you quit cold turkey? I want to go off abilify, it sucks.","[""Anger"", ""Distress"", ""Hope""]","[""Anger""]","[""Distress"", ""Hope""]"
ed66zxr,"Shut up, [NAME]. ","[""Anger""]","[""Anger""]","[""Anger""]"
eedohba,Yeah I'm a moderator there. I'll let you post anything there because I'm a nice mod.,"[""Pride""]","[""Pride""]","[""Pride""]"
eemtr6t,It's my masterpiece.,"[""Pride""]","[""Pride""]","[""Pride""]"
ed2lszn,Also: - more snipers - another stealth hero This makes my top 3 of what would make the game even more fun.,"[""Hope"", ""Joy"", ""Pride""]","[""Pride""]","[""Hope"", ""Joy""]"
edd4ags,Hell yeah it did!,"[""Joy"", ""Pride"", ""Satisfaction""]","[""Pride""]","[""Joy"", ""Satisfaction""]"
ee1vuua,The American way is to show some empathy for others come on dude,"[""Pride"", ""Reproach""]","[""Pride""]","[""Reproach""]"
ef42dka,Majority of [NAME] support Dem investigations of a foreign agent? I‚Äôm so proud!,"[""Pride""]","[""Pride""]","[""Pride""]"
eer2b4v,Sure but its exclusion isn't some big travesty,"[""Neutral"", ""Pride""]","[""Pride""]","[""Neutral""]"
eeahkw3,[NAME] did a photo shoot with the first presidency. Hilarious,"[""Joy"", ""Pride""]","[""Pride""]","[""Joy""]"
efaz8sr,"12 years, that's it? Psh I've been dating my gf for 20 and engaged for 10 years","[""Pride"", ""Resentment""]","[""Pride""]","[""Resentment""]"
eemo776,Nice try cat daddy ;),"[""Admiration"", ""Pride""]","[""Pride""]","[""Admiration""]"
eevqtgr,"I personally am very proud to be a vegetable. Corn, to be exact. Corn pride y'all","[""Joy"", ""Pride""]","[""Pride""]","[""Joy"", ""Pride""]"
edmr64x,"""you can't arrest me!! I'm attractive!""","[""Distress"", ""Pride""]","[""Pride""]","[""Distress""]"
edx29pk,"Nah, I it was cool to be a pedo back in the old days, ask [NAME] ","[""Neutral"", ""Pride""]","[""Pride""]","[""Neutral""]"
eec7plp,Thats me. Delivering justice two sentence at a time,"[""Pride""]","[""Pride""]","[""Pride""]"
edtrnlw,28 weeks!!?! modern medicine is AMAZING!,"[""Admiration"", ""Joy"", ""Pride""]","[""Pride""]","[""Admiration"", ""Joy""]"
efaymbj,As a [NAME] this makes me proud.,"[""Pride""]","[""Pride""]","[""Pride""]"
ed2w1i7,A classic. I have these.,"[""Pride""]","[""Pride""]","[""Pride""]"
ee6ea7y,Seems more first thought is to stop and make sure to call 911.,"[""Neutral"", ""Pride""]","[""Pride""]","[""Neutral""]"
eex08xg,And then everyone clapped,"[""Joy"", ""Pride"", ""Satisfaction""]","[""Pride""]","[""Joy"", ""Satisfaction""]"
edjbo3e,I'm so proud of you!,"[""Pride""]","[""Pride""]","[""Pride""]"
efal14p,"Proud [NAME], proud European. There are at least 16m of us.","[""Pride""]","[""Pride""]","[""Pride""]"
ee7vv35,I FUCKING WIN,"[""Gratification"", ""Joy"", ""Pride""]","[""Pride""]","[""Gratification"", ""Joy"", ""Pride""]"
eevqtgr,"I personally am very proud to be a vegetable. Corn, to be exact. Corn pride y'all","[""Joy"", ""Pride""]","[""Pride""]","[""Joy"", ""Pride""]"
eeq54x2,"except that he can't, he already played a South American U20 with Argentina which cap ties him.","[""Neutral"", ""Pride""]","[""Pride""]","[""Neutral""]"
edcrm0x,This sub doesn‚Äôt like the pro sports teams until they win a championship. Then everyone becomes a die hard fan.,"[""Pride"", ""Reproach""]","[""Pride""]","[""Reproach""]"
eda6ay0,Just to tax a bit of the smug out of them would be worth it in itself.,"[""Pride"", ""Resentment""]","[""Pride""]","[""Resentment""]"
ef479ft,Solid argument. Honestly this game‚Äôs a mess and impossible to balance for both sides equally.,"[""Distress"", ""Relief""]","[""Relief""]","[""Distress""]"
edofyho,"Yeah that's about what I found. Not that specific page but I got into ""My Profile"" ","[""Neutral"", ""Relief""]","[""Relief""]","[""Neutral""]"
edmplco,Good thing you did not live near a Guatemalan insane asylum.,"[""Relief"", ""Reproach""]","[""Relief""]","[""Reproach""]"
efhb653,Ice at the office sounds like such a luxury to me! I wish!,"[""Neutral"", ""Relief""]","[""Relief""]","[""Neutral""]"
eelejb6,At least no one threw water on him and exacerbated things,"[""Relief""]","[""Relief""]","[""Relief""]"
ed1t7dz,"I'm 'old school' Manual; left arm (unless contraindicated), straightened, relaxed breathing, no talking, slow release.","[""Neutral"", ""Relief""]","[""Relief""]","[""Neutral""]"
edpja5m,A life well spent....,"[""Relief"", ""Satisfaction""]","[""Relief""]","[""Satisfaction""]"
ednq9cz,It's great you have a friend with the same struggles as long as you both encourage each other to do better. It can be very comforting.,"[""Admiration"", ""Happy-for"", ""Joy"", ""Relief""]","[""Relief""]","[""Admiration"", ""Happy-for"", ""Joy""]"
eesghki,"Yeah lol like I'm cool with signing/drafting DL but pls not in the first like 3 rounds lol, much less at 2.","[""Neutral"", ""Relief""]","[""Relief""]","[""Neutral""]"
ednp1ld,For goodness sake give [NAME] a rest. After the last game he said he was so tired from running so much.,"[""Pity"", ""Relief""]","[""Relief""]","[""Pity""]"
efdj700,Sounds like my kind of place.,"[""Relief"", ""Satisfaction""]","[""Relief""]","[""Satisfaction""]"
eek7x6k,"[NAME], Big Bang Theory is terrible so glad it's going to be gone.","[""Gloating"", ""Relief"", ""Satisfaction""]","[""Relief""]","[""Gloating"", ""Satisfaction""]"
ed6wl4n,This makes me feel so much better about the things I‚Äôve done that make me cringe.,"[""Relief""]","[""Relief""]","[""Relief""]"
eembwl6,I need to shower after reading this,"[""Distress"", ""Relief""]","[""Relief""]","[""Distress""]"
edh01jk,Volunteer. Helping people in need will make you feel better about both yourself and others.,"[""Admiration"", ""Gratitude"", ""Pride"", ""Relief""]","[""Relief""]","[""Admiration"", ""Gratitude"", ""Pride""]"
eehld4o,"You're already watching the world crash and burn, buddy. The progress toward human extinction is irreversible now. Your tormented heart can rest easy.","[""Distress"", ""Fears-Confirmed"", ""Relief""]","[""Relief""]","[""Distress"", ""Fears-Confirmed"", ""Relief""]"
efh4awk,"At last, someone I can share this accomplishment with! ","[""Joy"", ""Pride"", ""Relief""]","[""Relief""]","[""Joy"", ""Pride""]"
edn3i7x,i know this isn't a private corporation and only the government so no real reason to be that concerned.,"[""Neutral"", ""Relief""]","[""Relief""]","[""Neutral""]"
ee2r6ec,And oof for the red car,"[""Pity"", ""Relief""]","[""Relief""]","[""Pity""]"
ee8nppc,I've had a crown and bracelets made for me with old ad. Glad I'm not alone,"[""Joy"", ""Relief""]","[""Relief""]","[""Joy"", ""Relief""]"
edawaq2,Fuck i think I whooshed myself,"[""Distress"", ""Relief"", ""Shame""]","[""Relief""]","[""Distress"", ""Shame""]"
eeo6eub,Thank [NAME] for the disclaimer you almost tricked me justin,"[""Gratitude"", ""Relief"", ""Reproach""]","[""Relief""]","[""Gratitude"", ""Reproach""]"
eekd385,"There isn't. It's a brigaded thread. Good opportunity to tag accounts, though.","[""Neutral"", ""Relief""]","[""Relief""]","[""Neutral""]"
ef1gqzt,"I do that on my boyfriend too haha, super soft and makes me feel safe! Maybe we are all crazy","[""Joy"", ""Relief""]","[""Relief""]","[""Joy""]"
efh4awk,"At last, someone I can share this accomplishment with! ","[""Joy"", ""Pride"", ""Relief""]","[""Relief""]","[""Joy"", ""Pride""]"
ee8ur55,"Oh man, when HQGs gets on a roll it‚Äôs so good.","[""Admiration"", ""Joy"", ""Relief""]","[""Relief""]","[""Admiration"", ""Joy""]"
ee6nuu3,"Bhahaha! I‚Äôm sorry, that sounds awful.","[""Fear"", ""Gloating"", ""Pity""]","[""Fear""]","[""Gloating"", ""Pity""]"
edv14ph,Is that the only symptoms you‚Äôve noticed? Are you normally worried for social situation?,"[""Fear"", ""Neutral""]","[""Fear""]","[""Neutral""]"
ee7rdru,"As much as he's a bit of a nutter, he does keep his word as far as I can tell.","[""Admiration"", ""Fear""]","[""Fear""]","[""Admiration""]"
ef3dbab,"Thank you very much. I try my best to follow my steps from therapy, but it seems to be my biggest hurdle.","[""Distress"", ""Fear"", ""Gratitude""]","[""Fear"", ""Gratitude""]","[""Distress"", ""Gratitude""]"
ednqu4x,It's practically non existent. Im mostly afraid to initiate a hug because I'm afraid I don't know/forgot how to hug.,"[""Distress"", ""Fear""]","[""Fear""]","[""Distress"", ""Fear""]"
ed2mr1u,"Well, since everything in Australia wants to kill you, I'd say it is quite healthy to be afraid of Australian spiders, and other flora and fauna ","[""Fear""]","[""Fear""]","[""Fear""]"
ef16sde,I don‚Äôt understand how her parents were able to take kid when she claims they are horrible alcoholics,"[""Fear"", ""Reproach""]","[""Fear""]","[""Reproach""]"
ef7m64x,This is horrifying,"[""Distress"", ""Fear""]","[""Fear""]","[""Distress"", ""Fear""]"
ee22hrh,Ill send the dankest of fresh memes so theyll scurry off to steal them,"[""Fear"", ""Pride""]","[""Fear""]","[""Pride""]"
ed0khbn,Damn she might have actually had a stroke if she started panicking,"[""Distress"", ""Fear""]","[""Fear""]","[""Distress"", ""Fear""]"
edjiygc,That‚Äôs scary,"[""Fear""]","[""Fear""]","[""Fear""]"
edavxco,Watching it deteriorate into a horrific dystopia. Healthcare costs. Dental. Low wages.,"[""Distress"", ""Fear""]","[""Fear""]","[""Distress""]"
eeqfg2o,The photos are haunting,"[""Distress"", ""Fear""]","[""Fear""]","[""Distress""]"
ed6q398,My nightmare is having an iphone.,"[""Distress"", ""Fear""]","[""Fear""]","[""Distress""]"
edax3au,All the replies take his quote a little too seriously,"[""Fear"", ""Reproach""]","[""Fear""]","[""Reproach""]"
eeohvuu,Scars do not fade after 2 weeks. Its gonna take a few months. I've got some nasty scars too girl I feel your pain,"[""Fear"", ""Pity""]","[""Fear""]","[""Pity""]"
eep9ir9,Oh gosh that's no good! Perhaps the other options are better places to start,"[""Fear"", ""Hope"", ""Pity""]","[""Fear""]","[""Hope"", ""Pity""]"
ef6c4f3,"It's a Falling In Reverse song, which makes it even more terrifying","[""Fear""]","[""Fear""]","[""Fear""]"
een73qk,That‚Äôs nightmare fuel right there,"[""Distress"", ""Fear""]","[""Fear""]","[""Distress"", ""Fear""]"
eecglu3,"It would probably be horrifying if we tried, when a bug causes an integer overflow and resets our aggression levels. ","[""Distress"", ""Fear""]","[""Fear""]","[""Distress"", ""Fear""]"
eea0vlj,I‚Äôve been kicked in the leg my foots been stamped on. I can‚Äôt imagine the pain of this,"[""Fear"", ""Pity""]","[""Fear""]","[""Pity""]"
ed6gbmd,My biggest fear is catching feelings. I got dangerously close once lol. It‚Äôs just about self control.,"[""Fear""]","[""Fear""]","[""Fear""]"
eehxep8,Right like interacting with each other having a normal evening? Ugh they‚Äôre both so trashy I‚Äôm sorry.,"[""Distress"", ""Fear"", ""Reproach""]","[""Fear""]","[""Distress"", ""Reproach""]"
edrpy4s,"Really visually haunting though. For me, it makes me think of strange alternate futures and dystopian sci-fi worlds. ","[""Fear"", ""Neutral""]","[""Fear""]","[""Neutral""]"
eexyvx1,"Yes,on top of that feel like vomitting,can't breathe and thinking I will faint.","[""Distress"", ""Fear""]","[""Fear""]","[""Distress"", ""Fear""]"
eemgpyf,I'm 34 and disappointing my mother is still my greatest fear.,"[""Disappointment"", ""Fear""]","[""Fear""]","[""Disappointment"", ""Fear""]"
eepfryr,Great minds more like... And youtube suggestions.,"[""Neutral"", ""Reproach""]","[""Neutral""]","[""Reproach""]"
ed0b1l2,The sister?,"[""Neutral""]","[""Neutral""]","[""Neutral""]"
eekqmin,I completely despise bixby with the intensity of the sun.,"[""Hate"", ""Neutral""]","[""Neutral""]","[""Hate""]"
ef92sr4,I didn‚Äôt know [NAME] was in middle school! Is she really say crap like that as a grown woman? TLC created this monster!!,"[""Anger"", ""Distress"", ""Neutral"", ""Reproach""]","[""Neutral""]","[""Anger"", ""Distress"", ""Reproach""]"
ed7310g,Me. I really needed to see this. ‚òπÔ∏è,"[""Distress"", ""Neutral""]","[""Neutral""]","[""Distress""]"
eevgy92,He does not want to hear the plans that will work though.,"[""Neutral"", ""Reproach""]","[""Neutral""]","[""Reproach""]"
ee3qrdt,You got more upvotes. Now you are beating me.,"[""Neutral"", ""Resentment""]","[""Neutral""]","[""Resentment""]"
efh1dej,"Not at all,I've got friends I never did anything with","[""Distress"", ""Neutral""]","[""Neutral""]","[""Distress""]"
edx65t3,Dead Island 2 is in developent hell still. They just changed devs again.,"[""Disappointment"", ""Distress"", ""Neutral""]","[""Neutral""]","[""Disappointment"", ""Distress""]"
ed0wy0v,I wouldnt mind seeig a few rushes with that NFL overhead cam.,"[""Neutral""]","[""Neutral""]","[""Neutral""]"
ed1fxzm,"As of about 15 minutes ago Edit: yes, I know I have a problem","[""Neutral"", ""Shame""]","[""Neutral""]","[""Shame""]"
eei2rdp,Is that [NAME],"[""Neutral""]","[""Neutral""]","[""Neutral""]"
ee21tnl,Do you people just sit in meme economy and wait for something new to come up?,"[""Neutral"", ""Reproach""]","[""Neutral""]","[""Reproach""]"
eeam1qu,True Story.,"[""Neutral""]","[""Neutral""]","[""Neutral""]"
edozs6f,Fat dad=fat kid,"[""Neutral"", ""Reproach""]","[""Neutral""]","[""Reproach""]"
ed80uhh,"Yeah, might just grab a coffee and be done with it.","[""Neutral""]","[""Neutral""]","[""Neutral""]"
ed2d79u,"Just curious, would it be logged on the system if they were accessed?","[""Neutral""]","[""Neutral""]","[""Neutral""]"
eeojcvk,"[NAME]: ""She seems useless""","[""Neutral"", ""Reproach""]","[""Neutral""]","[""Reproach""]"
ee6z5qo,Fire the ux designers and yes also our beloved [NAME],"[""Anger"", ""Neutral"", ""Reproach""]","[""Neutral""]","[""Anger"", ""Reproach""]"
edz5p12,"Right, I never said it wasn't. There's been a lot of unjust laws. I was just curious if you actually agreed with that.","[""Neutral""]","[""Neutral""]","[""Neutral""]"
ee5fh2g,"We try too, but more often than not those who wish to discuss are not on the level, rare is a Lib here in good faith.","[""Neutral"", ""Resentment""]","[""Neutral""]","[""Resentment""]"
ee4bovl,The prevailing expectation is that Hulu will become 100% Disney owned in the future.,"[""Neutral""]","[""Neutral""]","[""Neutral""]"
ef7tujo,Note to self: Stay off political subreddits while eating.,"[""Neutral""]","[""Neutral""]","[""Neutral""]"
edidyqn,"No, no the PTA has not disbanded!","[""Neutral"", ""Relief""]","[""Neutral""]","[""Relief""]"
ed58xh0,People only treat you the way you allow them to.,"[""Neutral""]","[""Neutral""]","[""Neutral""]"
efgobbx,"It's called Middle Class Syndrome. ""Bad things happen to *other people*.""","[""Neutral"", ""Resentment""]","[""Neutral""]","[""Resentment""]"
efehhok,No. You seem to still be completely misunderstanding what memory conformity is. Are you familiar with the process as documented in the peer-reviewed literature?,"[""Neutral"", ""Reproach""]","[""Neutral""]","[""Reproach""]"
eeyd4f8,"You say 'A single MP' as if it's not that big of a deal. In my humble opinion, that's still probably one too many...","[""Neutral"", ""Reproach""]","[""Neutral""]","[""Reproach""]"
efa3toi,i think he did. of course i‚Äôm not sure since it didn‚Äôt happen to me but to a close friend,"[""Neutral""]","[""Neutral""]","[""Neutral""]"
ef530ti,That I‚Äôd have no way of verifying. Trolls can report things as well as normal users.,"[""Neutral""]","[""Neutral""]","[""Neutral""]"
ef7pef7,Can [NAME] just shut up and appreciate her dog?,"[""Anger"", ""Neutral"", ""Reproach""]","[""Neutral""]","[""Anger"", ""Reproach""]"
ee1xqeb,"He is not acknowledging anything, he is hoovering. Don‚Äôt fall for it.","[""Fear"", ""Neutral"", ""Reproach""]","[""Neutral""]","[""Fear"", ""Reproach""]"
ee3tp3u,So either the dog is sick or the owner has non-trivial mental illnesses.,"[""Neutral"", ""Reproach""]","[""Neutral""]","[""Reproach""]"
eehhubf,So much tininess!,"[""Joy"", ""Neutral""]","[""Neutral""]","[""Joy""]"
ed339lk,Oh hell yeah. The Don is perfect for when [NAME] rounds into the second half of his career after he‚Äôs collected a few rings.,"[""Admiration"", ""Hope"", ""Neutral""]","[""Neutral""]","[""Admiration"", ""Hope""]"
ee5uiut,Omg I thought it said it aired the 7th. I feel dumb. Ty.,"[""Gratitude"", ""Neutral"", ""Shame""]","[""Neutral""]","[""Gratitude"", ""Shame""]"
edm95ms,If that‚Äôs true it‚Äôs very desperate. You would think he had some better way of communicating.,"[""Distress"", ""Neutral"", ""Reproach""]","[""Neutral""]","[""Distress"", ""Reproach""]"
efgg3yz,Yeah I wish they hadn't opened the entire game with the ol' [NAME].,"[""Disappointment"", ""Neutral""]","[""Neutral""]","[""Disappointment""]"
ed8zjmp,"I can only imagine what we call it when you have sex, then.","[""Neutral""]","[""Neutral""]","[""Neutral""]"
ef7x1e2,Maybe she recognized you and didn‚Äôt want to hear your (obviously) stupid comments.,"[""Anger"", ""Neutral"", ""Reproach""]","[""Neutral""]","[""Anger"", ""Reproach""]"
eeaopd2,"If you are as ugly as you say you are, you're already a statistical outlier.","[""Neutral"", ""Reproach""]","[""Neutral""]","[""Reproach""]"
edxn4ma,That's when you pop your Shadow Blade and go invisible.,"[""Neutral""]","[""Neutral""]","[""Neutral""]"
edo3bp6,Is he from ohio?!,"[""Neutral""]","[""Neutral""]","[""Neutral""]"
ee8otcl,Yeah it‚Äôs not like I want my cat to lick me in a sexual way that‚Äôs just weird.,"[""Distress"", ""Neutral"", ""Reproach""]","[""Neutral""]","[""Distress"", ""Reproach""]"
edvsn4e,Did you miss the massive throbbing erection the Dems had over the no fly no buy thing?,"[""Anger"", ""Neutral"", ""Reproach""]","[""Neutral""]","[""Anger"", ""Reproach""]"
eejjbfr,Are you hoping to dm or play? I won't say to to a new group!,"[""Hope"", ""Neutral""]","[""Neutral""]","[""Hope""]"
eekmy7q,Did he mention what you guys would do?,"[""Neutral""]","[""Neutral""]","[""Neutral""]"
eebk4rf,My arms are hairier than yours and my husband has never minded.,"[""Neutral"", ""Pride""]","[""Neutral""]","[""Pride""]"
ed9tuuy,The real reason [NAME] hates pewdiepie,"[""Hate"", ""Neutral""]","[""Neutral""]","[""Hate""]"
ee70lll,">!Royalty, half of them are all related one way or another!<","[""Neutral"", ""Reproach""]","[""Neutral""]","[""Reproach""]"
ed3owe2,"You don't have to act angry about things that annoy you, though. ","[""Neutral"", ""Reproach""]","[""Neutral""]","[""Reproach""]"
efdmh8t,Florida too!,"[""Neutral""]","[""Neutral""]","[""Neutral""]"
eeryfcw,Also r/justnomil holy doodles man they are nutso.,"[""Neutral"", ""Reproach""]","[""Neutral""]","[""Reproach""]"
ed1clkx,I agree. She seemed to truly love [NAME] . [NAME] loves the life [NAME] provides fir him. It‚Äôs a sad situation.,"[""Distress"", ""Love"", ""Neutral""]","[""Neutral""]","[""Distress"", ""Love""]"
ef7f04d,Miami - Dade,"[""Neutral""]","[""Neutral""]","[""Neutral""]"
eej6i9l,"For me, the only thing that makes it cringe is [NAME] covering his mouth","[""Neutral"", ""Reproach""]","[""Neutral""]","[""Reproach""]"
eczkrm7,"Its [NAME], everybodys favorite emotional support badger.","[""Admiration"", ""Joy"", ""Neutral""]","[""Neutral""]","[""Admiration"", ""Joy""]"
eecgm4j,she looks so happy and well rested,"[""Admiration"", ""Joy"", ""Neutral""]","[""Neutral""]","[""Admiration"", ""Joy""]"
ef27iau,No thats [NAME]....,"[""Neutral""]","[""Neutral""]","[""Neutral""]"
edo8w0i,I like [NAME] but I disagree with him here. Then again it's not much surprise that a mega rich globetrotter that lives next to [NAME] would hold such views.,"[""Neutral"", ""Reproach""]","[""Neutral""]","[""Reproach""]"
eddg3te,"Seeing him give the stone was the only one left in the entire universe, that‚Äôs like having a problem (which is really distribution).","[""Distress"", ""Neutral""]","[""Neutral""]","[""Distress""]"
ef8hhge,i thought i was the only one who felt this way!,"[""Neutral"", ""Relief""]","[""Neutral""]","[""Relief""]"
