id,text,Neutral,Happy-for,Resentment,Gloating,Pity,Satisfaction,Fears-Confirmed,Relief,Disappointment,Gratification,Remorse,Gratitude,Anger,Love,Hate,Hope,Fear,Joy,Distress,Pride,Shame,Admiration,Reproach,relabeled_occ_emotions,from_goemotions_exact,goemotions_labels,original_mapped_labels,gpt4_predicted
eer67hr,The only excuse for folding there pre is timing out. Ever. (I really hope that's what happened),0,0,0,0,0,0,0,0,0,0,1,0,0,0,0,1,0,0,0,0,0,0,1,"[""Hope"", ""Remorse"", ""Reproach""]","[""Remorse""]","[""remorse"", ""sadness""]","[""Distress"", ""Remorse""]","[""Hope""]"
ef9kad7,Itâ€™s even creepier when itâ€™s happening TO you. Source: I carried two VERY active babies.,0,0,0,0,0,0,0,0,0,0,0,0,0,0,0,0,0,0,1,0,0,0,0,"[""Distress""]",[],"[""sadness""]","[""Distress""]","[""Distress""]"
edtkg4f,"You forgot about Argentina, 30k people died here because of the USA",0,0,0,0,0,0,0,0,0,0,0,0,1,0,0,0,0,0,1,0,0,0,1,"[""Anger"", ""Distress"", ""Reproach""]",[],"[""grief""]","[""Distress""]","[""Resentment"", ""Anger"", ""Distress""]"
ed60yz3,This is why I have trust issues,0,0,0,0,0,0,0,0,0,0,0,0,0,0,0,0,0,0,1,0,0,0,1,"[""Distress"", ""Reproach""]",[],"[""sadness""]","[""Distress""]","[""Remorse"", ""Fear"", ""Distress""]"
eecqt7n,Yeah I know a lot of people fail to realize it or at least right away,1,0,0,0,0,0,0,0,0,0,0,0,0,0,0,0,0,0,0,0,0,0,0,"[""Neutral""]",[],"[""sadness""]","[""Distress""]","[""Neutral""]"
edbfmjb,Itâ€™s also dangerous to be riding a motorcycle waiting behind a stationary car if another car isnâ€™t paying attention and slams into you.,0,0,0,0,0,0,0,0,0,0,0,0,0,0,0,0,1,0,0,0,0,0,0,"[""Fear""]",[],"[""grief""]","[""Distress""]","[""Fear""]"
eep5ghi,"I never understood the part where he dives into a pile of money, even as a child. It seems wildly painful.",0,0,0,0,0,0,0,0,0,0,0,0,0,0,0,0,0,0,0,0,0,0,1,"[""Reproach""]",[],"[""sadness""]","[""Distress""]","[""Neutral""]"
ed8n3se,It's sad that we have to think of it as a miracle and not a regular occurrence :/,0,0,0,0,0,0,0,0,1,0,0,0,0,0,0,0,0,0,1,0,0,0,0,"[""Disappointment"", ""Distress""]",[],"[""sadness""]","[""Distress""]","[""Disappointment"", ""Distress""]"
edull4a,"As much as I'd love to say it's mine, sadly I can't",0,0,0,0,0,0,0,0,1,0,0,0,0,1,0,0,0,0,0,0,0,0,0,"[""Disappointment"", ""Love""]","[""Love""]","[""love"", ""sadness""]","[""Distress"", ""Love""]","[""Disappointment"", ""Remorse""]"
eemc2ti,My favorite pairing now is [NAME] and [NAME]. There's nothing else good. Of course I Like [NAME] and [NAME] too but I miss [NAME] so much,0,0,0,0,0,0,0,0,0,0,0,0,0,1,0,0,0,0,1,0,0,0,0,"[""Distress"", ""Love""]","[""Love""]","[""love"", ""sadness""]","[""Distress"", ""Love""]","[""Disappointment"", ""Love"", ""Distress""]"
ee8vzi8,I wish I could get a lazy Malinois. I love their look and Mal puppies are so cute! But Iâ€™m not a run-everyday dog owner.,0,0,0,0,0,0,0,0,0,0,0,0,0,1,0,0,0,0,1,0,0,1,0,"[""Admiration"", ""Distress"", ""Love""]","[""Love""]","[""caring"", ""love"", ""sadness""]","[""Distress"", ""Love""]","[""Disappointment"", ""Love"", ""Admiration""]"
eepefiy,THIS MADE ME CRY,0,0,0,0,0,0,0,0,0,0,0,0,0,0,0,0,0,0,1,0,0,0,0,"[""Distress""]",[],"[""sadness""]","[""Distress""]","[""Distress""]"
eenp4x8,YPG has carried out numerous attacks. Yet you seem to judge them on the few messed up things they have done.,0,0,0,0,0,0,0,0,0,0,0,0,0,0,0,0,0,0,0,0,0,0,1,"[""Reproach""]",[],"[""sadness""]","[""Distress""]","[""Resentment"", ""Reproach""]"
ef8ilhi,Everyone is sad on this sub dont take it personally if you don't get any replies.,0,0,0,0,1,0,0,0,0,0,0,0,0,0,0,0,0,0,1,0,0,0,0,"[""Distress"", ""Pity""]",[],"[""sadness""]","[""Distress""]","[""Distress""]"
ed8ulgq,Man I thought [NAME] was going to be the real deal. I wanted [NAME] gone so bad around that time.,0,0,0,0,0,0,0,0,1,0,0,0,0,0,0,0,0,0,0,0,0,0,1,"[""Disappointment"", ""Reproach""]",[],"[""annoyance"", ""sadness""]","[""Distress""]","[""Resentment"", ""Disappointment""]"
ed3z4b8,"This happens to me all the time Iâ€™m so sorry ðŸ˜£ itâ€™s always with burgers, too. So painful. ",0,0,0,0,0,0,0,0,0,0,0,0,0,0,0,0,0,0,1,0,0,0,0,"[""Distress""]",[],"[""sadness""]","[""Distress""]","[""Pity"", ""Distress""]"
ef0k1s9,I am really sad because my innocent nieces are brainwashed by my crazy sister,0,0,0,0,0,0,0,0,0,0,0,0,0,0,0,0,0,0,1,0,0,0,1,"[""Distress"", ""Reproach""]",[],"[""sadness""]","[""Distress""]","[""Anger"", ""Distress""]"
eeteuvp,"Iâ€™d keep at this line of dialogue but Iâ€™ve got to rewind some videocassettes, sorry. Carry on without me.",1,0,0,0,0,0,0,0,0,0,1,0,0,0,0,0,0,0,0,0,0,0,0,"[""Neutral"", ""Remorse""]","[""Remorse""]","[""approval"", ""remorse"", ""sadness""]","[""Distress"", ""Remorse""]","[""Neutral""]"
eeklhzg,i was leaving areal comments not pormotions but acctually i was leaving many,0,0,0,0,0,0,0,0,0,0,1,0,0,0,0,0,0,0,0,0,1,0,0,"[""Remorse"", ""Shame""]",[],"[""sadness""]","[""Distress""]","[""Neutral""]"
ee0a6m5,"Probably smashed his oil pan too, I'd give that car 3 miles to live.",0,0,0,1,0,0,0,0,0,0,0,0,0,0,0,0,0,0,0,0,0,0,0,"[""Gloating""]",[],"[""sadness""]","[""Distress""]","[""Gloating"", ""Reproach""]"
edowsax,this is so sad Alexa play despacito,0,0,0,0,0,0,0,0,0,0,0,0,0,0,0,0,0,0,1,0,0,0,0,"[""Distress""]",[],"[""sadness""]","[""Distress""]","[""Distress""]"
eejm7u2,"I couldn't let [NAME] become carver.. I regret it. [NAME] didn't deserve this, although he was fucking stupid to let his guard down",0,0,0,0,1,0,0,0,0,0,1,0,0,0,0,0,0,0,0,0,0,0,1,"[""Pity"", ""Remorse"", ""Reproach""]","[""Remorse""]","[""remorse"", ""sadness""]","[""Distress"", ""Remorse""]","[""Remorse"", ""Anger"", ""Distress"", ""Reproach""]"
edqhnml,"whats the [NAME] story ? sorry, not up to date on the bloke",1,0,0,0,0,0,0,0,0,0,0,0,0,0,0,0,0,0,0,0,0,0,0,"[""Neutral""]",[],"[""curiosity"", ""sadness""]","[""Distress""]","[""Neutral""]"
edtyc4k,Don't worry. You'll grow out of Pearl Jam.,0,0,0,0,0,0,0,0,0,0,0,0,0,0,0,0,0,0,0,0,0,0,1,"[""Reproach""]",[],"[""sadness""]","[""Distress""]","[""Reproach""]"
eendd7p,i say no or in da club if they come to damce with me i walk away,0,0,0,0,0,0,0,0,0,0,0,0,0,0,0,0,0,0,0,0,0,0,1,"[""Reproach""]",[],"[""sadness""]","[""Distress""]","[""Neutral""]"
ed1r3w5,"You're trying to come off smart, but failed. ",0,0,0,0,0,0,0,0,0,0,0,0,0,0,0,0,0,0,0,0,0,0,1,"[""Reproach""]",[],"[""sadness""]","[""Distress""]","[""Disappointment"", ""Reproach""]"
ef0b0js,Would love to share this on twitt and FB ...,0,0,0,0,0,0,0,0,0,0,0,0,0,1,0,0,0,1,0,0,0,0,0,"[""Joy"", ""Love""]","[""Love""]","[""love""]","[""Love""]","[""Love"", ""Joy""]"
ef0oipp,Love the idea for the [NAME] skin but I think it might be too hard :/,0,0,0,0,0,0,0,0,0,0,0,0,0,1,0,0,1,0,0,0,0,1,0,"[""Admiration"", ""Fear"", ""Love""]","[""Love""]","[""confusion"", ""love""]","[""Love""]","[""Disappointment"", ""Love""]"
efgv1ji,My vanity point for my love for SS is that it has a lance lord.,0,0,0,0,0,0,0,0,0,0,0,0,0,1,0,0,0,0,0,1,0,0,0,"[""Love"", ""Pride""]","[""Love""]","[""amusement"", ""approval"", ""love""]","[""Love""]","[""Love"", ""Pride""]"
edgzsiv,"Wow, you've had your arms open for a long time... Okay! *collapses into your arms*",0,0,0,0,0,0,0,0,0,0,0,0,0,1,0,0,0,0,0,0,0,1,0,"[""Admiration"", ""Love""]","[""Love""]","[""excitement"", ""love""]","[""Love""]","[""Relief"", ""Love""]"
efd5dbj,Damn you really love using name calling as a crutch donâ€™t you?,0,0,0,0,0,0,0,0,0,0,0,0,1,1,0,0,0,0,0,0,0,0,1,"[""Anger"", ""Love"", ""Reproach""]","[""Love""]","[""annoyance"", ""curiosity"", ""love""]","[""Love""]","[""Anger"", ""Reproach""]"
ee8hd4k,I love this post so much. Really drives the point home and made me laugh!,0,0,0,0,0,0,0,0,0,0,0,0,0,1,0,0,0,1,0,0,0,1,0,"[""Admiration"", ""Joy"", ""Love""]","[""Love""]","[""amusement"", ""love""]","[""Love""]","[""Love"", ""Joy"", ""Admiration""]"
ee5yzds,I love daddy long neck and crew. You wonâ€™t be disappointed when you look it up.,0,0,0,0,0,0,0,0,0,0,0,0,0,1,0,0,0,0,0,0,0,1,0,"[""Admiration"", ""Love""]","[""Love""]","[""love""]","[""Love""]","[""Love"", ""Hope""]"
efe7ovt,I would LOVE to be on the show!,0,0,0,0,0,0,0,0,0,0,0,0,0,1,0,1,0,1,0,0,0,0,0,"[""Hope"", ""Joy"", ""Love""]","[""Love""]","[""love""]","[""Love""]","[""Love"", ""Hope""]"
edk0dls,[NAME] [NAME] is like the 72hrs from console of course we like him wtf<3,0,0,0,0,0,0,0,0,0,0,0,0,0,1,0,0,0,0,0,0,0,1,0,"[""Admiration"", ""Love""]","[""Love""]","[""annoyance"", ""love""]","[""Love""]","[""Love"", ""Admiration""]"
eeuguhe,"love ya bro, i just love how positive you are!",0,0,0,0,0,0,0,0,0,0,0,0,0,1,0,0,0,0,0,0,0,1,0,"[""Admiration"", ""Love""]","[""Love""]","[""love""]","[""Love""]","[""Love"", ""Joy"", ""Admiration""]"
eecwhbi,I haven't heard that name in SO LONG. They had this GBA game that was one of my favorite games of all time!,0,0,0,0,0,0,0,0,0,0,0,0,0,1,0,0,0,1,0,0,0,1,0,"[""Admiration"", ""Joy"", ""Love""]","[""Love""]","[""love""]","[""Love""]","[""Gratification"", ""Joy"", ""Admiration""]"
ef707vp,Good always love him,0,0,0,0,0,0,0,0,0,0,0,0,0,1,0,0,0,0,0,0,0,0,0,"[""Love""]","[""Love""]","[""love""]","[""Love""]","[""Love"", ""Admiration""]"
eddjyx2,"This isn't really petty, it's actually brutal. *edit* but well done. I love it!",0,0,0,0,0,0,0,0,0,0,0,0,0,1,0,0,0,0,0,0,0,1,0,"[""Admiration"", ""Love""]","[""Love""]","[""love""]","[""Love""]","[""Satisfaction"", ""Love"", ""Admiration""]"
ef0n9gb,Sending you love â¤ï¸,0,0,0,0,0,0,0,0,0,0,0,0,0,1,0,0,0,0,0,0,0,0,0,"[""Love""]","[""Love""]","[""love""]","[""Love""]","[""Love""]"
eer3dqv,And I feel [NAME] in this Chili's tonight!,0,0,0,0,0,0,0,0,0,0,0,0,0,1,0,0,0,1,0,0,0,0,0,"[""Joy"", ""Love""]","[""Love""]","[""love""]","[""Love""]","[""Love"", ""Joy""]"
edvawr9,I'd enjoy a nice warm hug. Along with a delightful conversation. But that works too.,0,0,0,0,0,0,0,0,0,0,0,0,0,1,0,1,0,1,0,0,0,0,0,"[""Hope"", ""Joy"", ""Love""]","[""Love""]","[""desire"", ""love""]","[""Love""]","[""Hope"", ""Joy""]"
edw3str,Haha okay. Much love brother!,0,0,0,0,0,0,0,0,0,0,0,0,0,1,0,0,0,1,0,0,0,0,0,"[""Joy"", ""Love""]","[""Love""]","[""love""]","[""Love""]","[""Love"", ""Joy""]"
eerp9gl,"I love that! We need a ""We have cookies"" line for her, now!",0,0,0,0,0,0,0,0,0,0,0,0,0,1,0,0,0,0,0,0,0,1,0,"[""Admiration"", ""Love""]","[""Love""]","[""desire"", ""love""]","[""Love""]","[""Love"", ""Joy""]"
ednlfic,I'd love for someone to pay a little attention to me,0,0,0,0,0,0,0,0,0,0,0,0,0,1,0,1,0,0,1,0,0,0,0,"[""Distress"", ""Hope"", ""Love""]","[""Love""]","[""love""]","[""Love""]","[""Love"", ""Hope""]"
eehey86,Drop it off at a tent city or homeless camp. I've done it with an old Adirondak chair and they seemed to love it.,0,1,0,0,0,0,0,0,0,1,0,0,0,1,0,0,0,0,0,0,0,0,0,"[""Gratification"", ""Happy-for"", ""Love""]","[""Love""]","[""love""]","[""Love""]","[""Gratification"", ""Admiration""]"
eehe78m,That is awesome to know. Iâ€™m moving back to Chicago in August.,0,0,0,0,0,0,0,0,0,0,0,0,0,1,0,0,0,1,0,0,0,0,0,"[""Joy"", ""Love""]","[""Love""]","[""excitement"", ""love""]","[""Love""]","[""Hope"", ""Joy""]"
eei3fhx,Apologies for vertical view! Bonus commentary from my mini me that loves this sub!,0,0,0,0,0,0,0,0,0,0,0,0,0,1,0,0,0,0,0,0,0,1,0,"[""Admiration"", ""Love""]","[""Love""]","[""embarrassment"", ""love""]","[""Love""]","[""Love"", ""Joy""]"
ef3v76i,I like this man.,0,0,0,0,0,0,0,0,0,0,0,0,0,1,0,0,0,0,0,0,0,0,0,"[""Love""]","[""Love""]","[""love""]","[""Love""]","[""Love"", ""Admiration""]"
ed30hxp,Same. It's my favorite show to watch in the morning. The whole crew is so likeable.,0,0,0,0,0,0,0,0,0,0,0,0,0,1,0,0,0,1,0,0,0,1,0,"[""Admiration"", ""Joy"", ""Love""]","[""Love""]","[""love""]","[""Love""]","[""Joy"", ""Admiration""]"
ed9vnbc,Love it.,0,0,0,0,0,0,0,0,0,0,0,0,0,1,0,0,0,1,0,0,0,0,0,"[""Joy"", ""Love""]","[""Love""]","[""love""]","[""Love""]","[""Love"", ""Joy""]"
editlbc,I love [NAME]. He's another great option for 6th man.,0,0,0,0,0,0,0,0,0,0,0,0,0,1,0,0,0,0,0,0,0,1,0,"[""Admiration"", ""Love""]","[""Love""]","[""love""]","[""Love""]","[""Love"", ""Admiration""]"
ee3o1tt,Yeah I'm gonna do that....Thank you...she just doesn't like the feeling of condoms but i dont care need to put my foot down,0,0,0,0,0,0,0,0,0,0,0,1,0,0,0,0,0,0,0,0,0,0,1,"[""Gratitude"", ""Reproach""]","[""Gratitude""]","[""gratitude""]","[""Gratitude""]","[""Gratitude"", ""Anger"", ""Reproach""]"
edqi9bi,THANK YOU!,0,0,0,0,0,0,0,0,0,0,0,1,0,0,0,0,0,0,0,0,0,0,0,"[""Gratitude""]","[""Gratitude""]","[""gratitude""]","[""Gratitude""]","[""Gratitude""]"
efgx7aj,"I didn't get it the first time, thank you for replying me.",0,0,0,0,0,0,0,0,1,0,0,1,0,0,0,0,0,0,0,0,0,0,0,"[""Disappointment"", ""Gratitude""]","[""Gratitude""]","[""gratitude""]","[""Gratitude""]","[""Gratitude""]"
ef8xt0k,Thanks! Thank you for sharing!,0,0,0,0,0,0,0,0,0,0,0,1,0,0,0,0,0,0,0,0,0,0,0,"[""Gratitude""]","[""Gratitude""]","[""gratitude""]","[""Gratitude""]","[""Gratitude""]"
edjdwfh,Thank you so much. â¤ I'm going to be okay.,0,0,0,0,0,0,0,1,0,0,0,1,0,0,0,0,0,0,0,0,0,0,0,"[""Gratitude"", ""Relief""]","[""Gratitude""]","[""gratitude""]","[""Gratitude""]","[""Relief"", ""Gratitude"", ""Love""]"
eexx1bp,"Very true thank you for the insight, this does help as I need to remind myself this is a new relationship and part of our reconciliation.",0,0,0,0,0,0,0,0,0,0,0,1,0,0,0,1,0,0,0,0,0,0,0,"[""Gratitude"", ""Hope""]","[""Gratitude""]","[""gratitude""]","[""Gratitude""]","[""Relief"", ""Gratitude"", ""Hope""]"
ef41eda,"Iâ€™m only allowed to see counselor once every 2 weeks, so that sucks. Thanks! Best of luck to you too",0,0,0,0,0,0,0,0,1,0,0,1,0,0,0,0,0,0,0,0,0,0,0,"[""Disappointment"", ""Gratitude""]","[""Gratitude""]","[""annoyance"", ""caring"", ""gratitude""]","[""Gratitude""]","[""Disappointment"", ""Gratitude""]"
eeqroej,I do have EAP and was lucky enough to get 10 sessions using it. Iâ€™ll chat with my boss tomorrow about taking time off. Thank you!,0,0,0,0,0,0,0,1,0,0,0,1,0,0,0,0,0,0,0,0,0,0,0,"[""Gratitude"", ""Relief""]","[""Gratitude""]","[""gratitude""]","[""Gratitude""]","[""Relief"", ""Gratitude"", ""Hope""]"
eez17be,Thanks cool sub,0,0,0,0,0,0,0,0,0,0,0,1,0,0,0,0,0,0,0,0,0,0,0,"[""Gratitude""]","[""Gratitude""]","[""gratitude""]","[""Gratitude""]","[""Gratitude""]"
ed6xvyo,> neoprene kayaking gloves Thanks will check them out!!,0,0,0,0,0,0,0,0,0,0,0,1,0,0,0,0,0,0,0,0,0,0,0,"[""Gratitude""]","[""Gratitude""]","[""gratitude""]","[""Gratitude""]","[""Gratitude""]"
edd9vc4,Beautiful and thank you for the inspiration.,0,0,0,0,0,0,0,0,0,0,0,1,0,0,0,0,0,0,0,0,0,1,0,"[""Admiration"", ""Gratitude""]","[""Gratitude""]","[""gratitude""]","[""Gratitude""]","[""Gratitude"", ""Admiration""]"
ee1byj4,Thank you. Very very much,0,0,0,0,0,0,0,0,0,0,0,1,0,0,0,0,0,0,0,0,0,0,0,"[""Gratitude""]","[""Gratitude""]","[""gratitude""]","[""Gratitude""]","[""Gratitude""]"
eetbawj,Ahh yeah I've been there didn't know it had a name. Thanks dude.,0,0,0,0,0,0,0,0,0,0,0,1,0,0,0,0,0,0,0,0,0,0,0,"[""Gratitude""]","[""Gratitude""]","[""gratitude"", ""realization"", ""surprise""]","[""Gratitude""]","[""Relief"", ""Gratitude""]"
edrevqu,"Love the top logo although Iâ€™d gladly take the bottom one, the goat head, or a poop emoji any day over the buffaslug.",0,0,0,0,0,0,0,0,0,0,0,1,0,0,0,0,0,0,0,0,0,1,1,"[""Admiration"", ""Gratitude"", ""Reproach""]","[""Gratitude""]","[""gratitude""]","[""Gratitude""]","[""Satisfaction"", ""Love"", ""Reproach""]"
ed0ftgl,Thanks that's very helpful because I can't seem to decifer all of the levels of irony in some posts on this subreddit haha.,0,0,0,0,0,0,0,0,0,0,0,1,0,0,0,0,0,0,0,0,0,0,0,"[""Gratitude""]","[""Gratitude""]","[""amusement"", ""gratitude""]","[""Gratitude""]","[""Relief"", ""Gratitude""]"
ee7key4,Thanks for sharing! I can so see me taking the scraps when he inevitably is having a good day and reaches out. I will resist!,0,0,0,0,0,0,0,0,0,0,1,1,0,0,0,1,0,0,1,0,0,0,0,"[""Distress"", ""Gratitude"", ""Hope"", ""Remorse""]","[""Gratitude""]","[""gratitude"", ""optimism""]","[""Gratitude"", ""Hope""]","[""Resentment"", ""Relief"", ""Gratitude"", ""Hope""]"
efbnv71,Thanks for the P.S,0,0,0,0,0,0,0,0,0,0,0,1,0,0,0,0,0,0,0,0,0,0,0,"[""Gratitude""]","[""Gratitude""]","[""gratitude""]","[""Gratitude""]","[""Gratitude""]"
ef3glxa,Thank god the league doesn't force teams to trade or transfer it's player.,0,0,0,0,0,0,0,1,0,0,0,1,0,0,0,0,0,0,0,0,0,0,0,"[""Gratitude"", ""Relief""]","[""Gratitude""]","[""gratitude""]","[""Gratitude""]","[""Relief""]"
ef7aoqo,Thank you ladies !,0,0,0,0,0,0,0,0,0,0,0,1,0,0,0,0,0,0,0,0,0,0,0,"[""Gratitude""]","[""Gratitude""]","[""gratitude""]","[""Gratitude""]","[""Gratitude""]"
edobr2l,Thanks now I gotta go listen to golden earring,0,0,0,0,0,0,0,0,0,0,0,1,0,0,0,0,0,0,0,0,0,0,0,"[""Gratitude""]","[""Gratitude""]","[""gratitude""]","[""Gratitude""]","[""Gratitude""]"
edg1vyh,I have a great connect for 2c-b,0,0,0,0,0,1,0,0,0,0,0,1,0,0,0,0,0,0,0,0,0,0,0,"[""Gratitude"", ""Satisfaction""]","[""Gratitude""]","[""gratitude""]","[""Gratitude""]","[""Neutral""]"
edj4oiq,"Welcome. By the way, so hyped for our game in September. DKR is gonna be rockin!",0,0,0,0,0,0,0,0,0,0,0,1,0,0,0,1,0,1,0,0,0,0,0,"[""Gratitude"", ""Hope"", ""Joy""]","[""Gratitude"", ""Joy""]","[""excitement"", ""gratitude"", ""joy""]","[""Gratitude"", ""Joy""]","[""Hope"", ""Joy""]"
edlsu0i,Prove me wrong. Provide a single YouTube link that works! Thanks.,0,0,0,0,0,0,0,0,0,0,0,1,0,0,0,0,0,0,0,0,0,0,1,"[""Gratitude"", ""Reproach""]","[""Gratitude""]","[""gratitude""]","[""Gratitude""]","[""Gratitude"", ""Reproach""]"
efamqsr,"I'll look into it, thank you! :)",0,0,0,0,0,0,0,0,0,0,0,1,0,0,0,0,0,0,0,0,0,0,0,"[""Gratitude""]","[""Gratitude""]","[""gratitude""]","[""Gratitude""]","[""Gratitude"", ""Joy""]"
edm887i,Thank you so much . I'm really really really nervous.. I just want to cry.,0,0,0,0,0,0,0,0,0,0,0,1,0,0,0,0,1,0,1,0,0,0,0,"[""Distress"", ""Fear"", ""Gratitude""]","[""Gratitude""]","[""desire"", ""gratitude"", ""nervousness""]","[""Gratitude""]","[""Gratitude"", ""Fear"", ""Distress""]"
eezyqc9,Still can't see. Thanks.,0,0,0,0,0,0,0,0,0,0,0,1,0,0,0,0,0,0,1,0,0,0,0,"[""Distress"", ""Gratitude""]","[""Gratitude""]","[""disapproval"", ""gratitude""]","[""Gratitude"", ""Reproach""]","[""Disappointment"", ""Gratitude""]"
eed633g,Funny never not will be this.,0,0,0,0,0,0,0,0,0,0,0,0,0,0,0,0,0,1,0,0,0,0,0,"[""Joy""]",[],"[""amusement"", ""disapproval""]","[""Reproach""]","[""Joy""]"
ee6r3z3,I'm sorry that's what you read because it isn't what I said.,1,0,0,0,0,0,0,0,0,0,0,0,0,0,0,0,0,0,0,0,0,0,0,"[""Neutral""]",[],"[""disapproval"", ""realization""]","[""Reproach""]","[""Remorse"", ""Distress""]"
edabo1z,"I donâ€™t want everybody to live the same way as me, I just wanted to express the stupidity of it.",0,0,0,0,0,0,0,0,0,0,0,0,0,0,0,0,0,0,0,0,0,0,1,"[""Reproach""]",[],"[""annoyance"", ""disapproval""]","[""Reproach""]","[""Resentment"", ""Reproach""]"
ee4yfgi,"What makes it a non sequitur? The point is, just because someone is in the DSA doesn't mean they are a *democratic* socialist",0,0,0,0,0,0,0,0,0,0,0,0,0,0,0,0,0,0,0,0,0,0,1,"[""Reproach""]",[],"[""disapproval""]","[""Reproach""]","[""Neutral""]"
ee2vq00,No need to be sorry if you are seeking to leave ignorance. The only bad thing an ignorant person can do is willfully and knowingly stay ignorant,0,0,0,0,0,0,0,0,0,0,0,0,0,0,0,0,0,0,0,0,0,0,1,"[""Reproach""]",[],"[""disapproval""]","[""Reproach""]","[""Satisfaction"", ""Reproach""]"
ed503bh,This is incorrect. Taiwan was regarded as an island of no importance.,0,0,0,0,0,0,0,0,0,0,0,0,0,0,0,0,0,0,0,0,0,0,1,"[""Reproach""]",[],"[""disapproval""]","[""Reproach""]","[""Neutral"", ""Reproach""]"
ed3ekca,"No, not sarcastically :) ",1,0,0,0,0,0,0,0,0,0,0,0,0,0,0,0,0,0,0,0,0,0,0,"[""Neutral""]",[],"[""disapproval""]","[""Reproach""]","[""Neutral""]"
eezjxuv,Last I checked people weren't running around raping people wearing MAGA hats.,0,0,0,0,0,0,0,0,0,0,0,0,1,0,0,0,0,0,0,0,0,0,1,"[""Anger"", ""Reproach""]",[],"[""disapproval""]","[""Reproach""]","[""Anger"", ""Reproach""]"
ee82nu4,I highly doubt that the ChiSox offered him anything more than $210m. Either way itâ€™s inexcusable for the yanks not to match,0,0,0,0,0,0,0,0,1,0,0,0,0,0,0,0,0,0,0,0,0,0,1,"[""Disappointment"", ""Reproach""]",[],"[""disapproval""]","[""Reproach""]","[""Disappointment"", ""Anger""]"
ef2lwbu,I'm not going out of my way to watch it but I might channel flip,1,0,0,0,0,0,0,0,0,0,0,0,0,0,0,0,0,0,0,0,0,0,0,"[""Neutral""]",[],"[""disapproval""]","[""Reproach""]","[""Neutral""]"
ef89nrp,"It's not you, Taco Bell is grade D racoon meat and isn't fit for human consumption.",0,0,0,0,0,0,0,0,0,0,0,0,0,0,0,0,0,0,1,0,0,0,1,"[""Distress"", ""Reproach""]",[],"[""disapproval""]","[""Reproach""]","[""Disappointment"", ""Anger"", ""Reproach""]"
efafitb,> This is wrong on so many levels.,0,0,0,0,0,0,0,0,0,0,0,0,0,0,0,0,0,0,0,0,0,0,1,"[""Reproach""]",[],"[""disapproval""]","[""Reproach""]","[""Anger"", ""Reproach""]"
edj7vcj,People done be ignorant,0,0,0,0,0,0,0,0,0,0,0,0,0,0,0,0,0,0,0,0,0,0,1,"[""Reproach""]",[],"[""disapproval""]","[""Reproach""]","[""Anger"", ""Reproach""]"
ee3psor,"Maybe it needs to be ""Hall of Shame"" instead of a museum.",0,0,0,0,0,0,0,0,0,0,0,0,0,0,0,0,0,0,0,0,1,0,1,"[""Reproach"", ""Shame""]",[],"[""disapproval""]","[""Reproach""]","[""Shame"", ""Reproach""]"
edh01o9,that's not scarcity its desperation and prioritizing looks over everything else,0,0,0,0,0,0,0,0,0,0,0,0,0,0,0,0,0,0,0,0,0,0,1,"[""Reproach""]",[],"[""disapproval""]","[""Reproach""]","[""Distress"", ""Reproach""]"
eesevbh,Hmm... I don't think EPCOR is the reason the oilers suck,0,0,0,0,0,0,0,0,0,0,0,0,0,0,0,0,0,0,0,0,0,0,1,"[""Reproach""]",[],"[""disapproval""]","[""Reproach""]","[""Neutral""]"
ees3i0v,Why are you okay with racism and why are slurs the red line?,0,0,0,0,0,0,0,0,0,0,0,0,1,0,0,0,0,0,0,0,0,0,1,"[""Anger"", ""Reproach""]",[],"[""disapproval""]","[""Reproach""]","[""Anger"", ""Reproach""]"
eeepdbd,"Most of the people on top aren't even very relevant anymore, at least not nearly as relevant as they used to be",0,0,0,0,0,0,0,0,0,0,0,0,0,0,0,0,0,0,1,0,0,0,1,"[""Distress"", ""Reproach""]",[],"[""disapproval""]","[""Reproach""]","[""Resentment"", ""Reproach""]"
edhl3yn,I'm so bad playing solo! I guess I need people to help me improve.,0,0,0,0,0,0,0,0,0,0,0,0,0,0,0,1,0,0,0,0,1,0,0,"[""Hope"", ""Shame""]",[],"[""disapproval""]","[""Reproach""]","[""Hope"", ""Shame""]"
edrzoy6,"""therapy>no therapy"" very debatable, my friend.",0,0,0,0,0,0,0,0,0,0,0,0,0,0,0,0,0,0,0,0,0,0,1,"[""Reproach""]",[],"[""disapproval""]","[""Reproach""]","[""Neutral""]"
ees8gjp,"Why delete it. It's relatable, never be shamed of what you're going through. ",0,0,0,0,0,0,0,0,0,0,0,0,0,0,0,0,0,0,0,1,0,1,0,"[""Admiration"", ""Pride""]",[],"[""disapproval""]","[""Reproach""]","[""Hope"", ""Pride"", ""Admiration""]"
ef5qh5m,"No, that's not possible. If you have proof then it's not misinformation what your spreading but simply information. ",0,0,0,0,0,0,0,0,0,0,0,0,0,0,0,0,0,0,0,0,0,0,1,"[""Reproach""]",[],"[""disapproval"", ""realization""]","[""Reproach""]","[""Neutral""]"
ee7tmgm,"We don't undervalue him, almost any and all experts thing he is just not worth his contract.",0,0,0,0,0,0,0,0,0,0,0,0,0,0,0,0,0,0,0,0,0,0,1,"[""Reproach""]",[],"[""disapproval""]","[""Reproach""]","[""Disappointment"", ""Reproach""]"
eeno43u,"my good woman, I'm not sure that you handled it poorly",0,0,0,0,0,0,0,0,0,0,0,0,0,0,0,0,0,0,0,0,0,1,0,"[""Admiration""]",[],"[""disapproval""]","[""Reproach""]","[""Neutral""]"
ed3bdji,"The abilities look cool, but that trait is a little dull. It's almost exactly the same as [NAME].",0,0,0,0,0,0,0,0,0,0,0,0,0,0,0,0,0,0,0,0,0,0,1,"[""Reproach""]",[],"[""disapproval""]","[""Reproach""]","[""Disappointment""]"
efeg5la,"Unless he was lying about his age, no.",0,0,0,0,0,0,0,0,0,0,0,0,0,0,0,0,0,0,0,0,0,0,1,"[""Reproach""]",[],"[""disapproval""]","[""Reproach""]","[""Neutral""]"
ef8ffwu,Unbelievable! Here. Have your iPad back. Not interested in being treated like a criminal. Iâ€™ll write home with pen and paper,0,0,0,0,0,0,0,0,0,0,0,0,1,0,0,0,0,0,1,0,0,0,1,"[""Anger"", ""Distress"", ""Reproach""]",[],"[""disappointment""]","[""Disappointment""]","[""Resentment"", ""Anger"", ""Distress"", ""Reproach""]"
edmtqqi,Cuz some things could become brittle and break...,0,0,0,0,0,0,0,0,0,0,0,0,0,0,0,0,1,0,0,0,0,0,0,"[""Fear""]",[],"[""disappointment""]","[""Disappointment""]","[""Fear"", ""Distress""]"
edqmqf8,Anzac day rules are even dumber,0,0,0,0,0,0,0,0,0,0,0,0,0,0,0,0,0,0,0,0,0,0,1,"[""Reproach""]",[],"[""disappointment""]","[""Disappointment""]","[""Anger"", ""Reproach""]"
edrq7rl,"Oops, accidentally fed the troll. Ah well, we all gotta eat. Guess I'm feeling charitable. ðŸ˜‰",0,0,0,0,0,0,0,0,0,1,0,1,0,0,0,0,0,0,0,0,0,0,0,"[""Gratification"", ""Gratitude""]",[],"[""disappointment""]","[""Disappointment""]","[""Neutral"", ""Gratification"", ""Gratitude""]"
ee5i0j2,I have trophy jeans and a trophy bra! Although RIP my boobs because they were the one thing I liked about my body back then :),0,0,0,0,0,0,0,0,0,0,0,0,0,0,0,0,0,0,1,1,0,0,0,"[""Distress"", ""Pride""]",[],"[""disappointment""]","[""Disappointment""]","[""Satisfaction"", ""Disappointment"", ""Remorse""]"
eee7268,"Reply with ""Oh, my bad"". Don't make a big fuss out of it. People make mistakes.",0,0,0,0,0,0,0,0,0,0,0,0,0,0,0,0,0,0,0,0,0,0,1,"[""Reproach""]",[],"[""disappointment""]","[""Disappointment""]","[""Neutral""]"
edrxddt,Your reading comprehension isn't very good.,0,0,0,0,0,0,0,0,0,0,0,0,0,0,0,0,0,0,0,0,0,0,1,"[""Reproach""]",[],"[""disappointment""]","[""Disappointment""]","[""Reproach""]"
eeywu1l,this is stunning footage of [NAME] dressed as a sheep.... and now after beto parody twiiter account was banned... it was allowed back,0,0,0,0,0,0,0,1,0,0,0,0,0,0,0,0,0,0,0,0,0,0,0,"[""Relief""]",[],"[""disappointment"", ""disgust""]","[""Disappointment""]","[""Satisfaction"", ""Relief""]"
eeop7db,Well good luck with that. [NAME] does nothing but be a minor headache with occasionally killing some border guards.,0,0,1,0,0,0,0,0,0,0,0,0,0,0,0,0,0,0,0,0,0,0,1,"[""Reproach"", ""Resentment""]",[],"[""disappointment"", ""optimism""]","[""Disappointment"", ""Hope""]","[""Resentment"", ""Reproach""]"
edtomb0,"Do people really use the phrase ""my kid is poorly"" to mean sick? The grammar in this post is really bothering me.",0,0,0,0,0,0,0,0,0,0,0,0,0,0,0,0,0,0,1,0,0,0,1,"[""Distress"", ""Reproach""]",[],"[""disappointment""]","[""Disappointment""]","[""Distress"", ""Reproach""]"
edlpr9c,Oh I forgot how gross [NAME] can be,0,0,0,0,0,0,0,0,0,0,0,0,0,0,0,0,0,0,0,0,0,0,1,"[""Reproach""]",[],"[""disappointment""]","[""Disappointment""]","[""Reproach""]"
edxse6w,deserved better :/,0,0,0,0,1,0,0,0,0,0,0,0,0,0,0,0,0,0,0,0,0,0,0,"[""Pity""]",[],"[""disappointment""]","[""Disappointment""]","[""Resentment"", ""Disappointment""]"
eeqgqho,Damn you! Now all this dirty money is flooding Frankfurt and Dublin!,0,0,0,0,0,0,0,0,0,0,0,0,1,0,0,0,0,0,1,0,0,0,1,"[""Anger"", ""Distress"", ""Reproach""]",[],"[""disappointment"", ""disgust""]","[""Disappointment""]","[""Resentment"", ""Anger"", ""Reproach""]"
edugqcn,"Thanks! But I was only offered one batch today, it was reallly slow.",0,0,0,0,0,0,0,0,1,0,0,1,0,0,0,0,0,0,0,0,0,0,0,"[""Disappointment"", ""Gratitude""]","[""Gratitude""]","[""disappointment"", ""gratitude""]","[""Disappointment"", ""Gratitude""]","[""Disappointment"", ""Gratitude""]"
edtmotl,I hope you figure out what to do! It is real shit situation and it is awful what he said to you.,0,0,0,0,1,0,0,0,0,0,0,0,0,0,0,1,0,0,0,0,0,0,1,"[""Hope"", ""Pity"", ""Reproach""]",[],"[""disappointment"", ""optimism""]","[""Disappointment"", ""Hope""]","[""Hope"", ""Distress"", ""Reproach""]"
ed6lpy6,My First thought too! I get really bad stress knots in my neck and shoulders. I just donâ€™t dare to ask every Damn day it hurts,0,0,0,0,0,0,0,0,0,0,0,0,0,0,0,0,1,0,1,0,0,0,0,"[""Distress"", ""Fear""]",[],"[""disappointment""]","[""Disappointment""]","[""Fear"", ""Distress""]"
ef7l6mu,"When did they stick to those policies, sure the US isn't innocent, but fuck that? This hypocrisy is unbelievable, it's cringy FFS.",0,0,0,0,0,0,0,0,0,0,0,0,1,0,0,0,0,0,1,0,0,0,1,"[""Anger"", ""Distress"", ""Reproach""]",[],"[""annoyance"", ""confusion"", ""disappointment""]","[""Disappointment""]","[""Resentment"", ""Anger"", ""Reproach""]"
ed4cr1y,"I know this is late, but I canâ€™t believe I missed this. Love it.",0,0,0,0,0,0,0,0,0,0,0,0,0,1,0,0,0,0,1,0,0,0,0,"[""Distress"", ""Love""]","[""Love""]","[""approval"", ""disappointment"", ""love""]","[""Disappointment"", ""Love""]","[""Disappointment"", ""Love"", ""Joy""]"
ee1bqvq,People would still always parry them (600ms) :(,0,0,0,0,0,0,0,0,1,0,0,0,0,0,0,0,0,0,1,0,0,0,0,"[""Disappointment"", ""Distress""]",[],"[""disappointment"", ""sadness""]","[""Disappointment"", ""Distress""]","[""Disappointment"", ""Distress""]"
efhaitr,oh [NAME] I unleashed the beast,0,0,0,0,0,0,0,0,0,1,0,0,0,0,0,0,0,0,0,0,0,0,0,"[""Gratification""]",[],"[""disappointment"", ""realization""]","[""Disappointment""]","[""Neutral""]"
ef91uq5,[NAME] gave me depression because had I been left unchecked I would have bested him in hand to hand combat by age 16,0,0,0,0,0,0,0,0,0,0,0,0,0,0,0,0,0,0,1,0,0,0,1,"[""Distress"", ""Reproach""]",[],"[""disappointment""]","[""Disappointment""]","[""Resentment"", ""Anger"", ""Distress""]"
ed29lip,movie sucks do yourself a favor and watch the Infernal Affairs trilogy they bastardized,0,0,0,0,0,0,0,0,0,0,0,0,1,0,0,0,0,0,0,0,0,0,1,"[""Anger"", ""Reproach""]",[],"[""annoyance"", ""disappointment""]","[""Disappointment""]","[""Resentment"", ""Anger"", ""Reproach""]"
ee5nr5l,I'm still so sad we never got to see [NAME] witnessing his miracle baby's first steps. â˜¹ï¸,0,0,0,0,1,0,0,0,0,0,0,0,0,0,0,0,0,0,1,0,0,0,0,"[""Distress"", ""Pity""]",[],"[""disappointment"", ""sadness""]","[""Disappointment"", ""Distress""]","[""Disappointment"", ""Distress""]"
ef9895i,"I hope you can get some relief soon, I canâ€™t imagine how awful that must feel ",0,0,0,0,1,0,0,0,0,0,0,0,0,0,0,1,0,0,0,0,0,0,0,"[""Hope"", ""Pity""]",[],"[""disappointment"", ""optimism""]","[""Disappointment"", ""Hope""]","[""Pity"", ""Hope""]"
edcf1nx,"I'm always stuck in platinum because every match is a loss, no healer what so ever",0,0,0,0,0,0,0,0,1,0,0,0,0,0,0,0,0,0,1,0,0,0,0,"[""Disappointment"", ""Distress""]",[],"[""disappointment"", ""sadness""]","[""Disappointment"", ""Distress""]","[""Resentment"", ""Disappointment"", ""Distress""]"
ef17zkd,Posts like this depress me severely. I pray to [NAME] my kids don't live with me until they are almost 30.,0,0,0,0,0,0,0,0,0,0,0,0,0,0,0,0,1,0,1,0,0,0,0,"[""Distress"", ""Fear""]",[],"[""desire"", ""disappointment""]","[""Disappointment""]","[""Disappointment"", ""Fear"", ""Distress""]"
eeylwuu,Thatâ€™s adorable! He probably wants them all in one spot so he can make sure theyâ€™re ok and not getting lost or hurt.,0,0,0,0,0,0,0,0,0,0,0,0,0,0,0,0,0,0,0,0,0,1,0,"[""Admiration""]","[""Admiration""]","[""admiration""]","[""Admiration""]","[""Love"", ""Joy"", ""Admiration""]"
ef57uwb,That sounds like a lovely time :D,0,1,0,0,0,0,0,0,0,0,0,0,0,0,0,0,0,0,0,0,0,1,0,"[""Admiration"", ""Happy-for""]","[""Admiration""]","[""admiration""]","[""Admiration""]","[""Joy"", ""Admiration""]"
ee1i2s9,Nice work as always dish.,0,0,0,0,0,0,0,0,0,0,0,0,0,0,0,0,0,0,0,0,0,1,0,"[""Admiration""]","[""Admiration""]","[""admiration""]","[""Admiration""]","[""Gratitude"", ""Admiration""]"
eec3ddy,Or you could y'know just be a nice person and respect other people's opinions and likes? ^Since ^you ^clearly ^have ^plenty ^of ^your ^own,0,0,0,0,0,0,0,0,0,0,0,0,0,0,0,0,0,0,0,0,0,1,1,"[""Admiration"", ""Reproach""]","[""Admiration""]","[""admiration""]","[""Admiration""]","[""Reproach""]"
eeclwef,"Thank you, I thought the plane in the picture was cool too. I am. One of the best pictures Iâ€™ve taken with my phone.",0,0,0,0,0,0,0,0,0,0,0,1,0,0,0,0,0,0,0,1,0,1,0,"[""Admiration"", ""Gratitude"", ""Pride""]","[""Admiration""]","[""admiration""]","[""Admiration""]","[""Gratitude"", ""Joy"", ""Pride""]"
edvnypa,"I would applaud, but a polite golf clap seems more appropriate. Well done. ðŸ‘ ðŸ‘ ",0,0,0,0,0,0,0,0,0,0,0,0,0,0,0,0,0,0,0,0,0,1,0,"[""Admiration""]","[""Admiration""]","[""admiration"", ""approval"", ""optimism""]","[""Admiration"", ""Hope""]","[""Satisfaction"", ""Admiration""]"
edg1iwk,She looks late 30s. Sheâ€™s gorgeous.,0,0,0,0,0,0,0,0,0,0,0,0,0,0,0,0,0,0,0,0,0,1,0,"[""Admiration""]","[""Admiration""]","[""admiration""]","[""Admiration""]","[""Admiration""]"
ed1i8ue,You guys really took this loss well. I'm stunned at how not-salty you minor leaguers are taking it. Totally not full of excuses and what-ifs.,0,0,0,1,0,0,0,0,0,0,0,0,0,0,0,0,0,0,0,0,0,1,1,"[""Admiration"", ""Gloating"", ""Reproach""]","[""Admiration""]","[""admiration""]","[""Admiration""]","[""Resentment"", ""Gloating"", ""Reproach""]"
ed3qe4k,"We are by far the greatest team the world has ever seen, we are just having a rough patch.",0,0,0,0,0,0,0,0,0,0,0,0,0,0,0,1,0,0,0,1,0,1,0,"[""Admiration"", ""Hope"", ""Pride""]","[""Admiration""]","[""admiration""]","[""Admiration""]","[""Hope"", ""Pride""]"
edclh5n,[NAME] is one of the worst announcers ever. [NAME] is one of the best.,0,0,0,0,0,0,0,0,0,0,0,0,0,0,0,0,0,0,0,0,0,1,1,"[""Admiration"", ""Reproach""]","[""Admiration""]","[""admiration""]","[""Admiration""]","[""Anger"", ""Admiration""]"
effzvgt,Came to say the Ravens. I always pull for them no matter what for your laid or reasons. Plus their black and purple jerseys are so nice.,0,0,0,0,0,0,0,0,0,0,0,0,0,1,0,0,0,0,0,0,0,1,0,"[""Admiration"", ""Love""]","[""Admiration""]","[""admiration""]","[""Admiration""]","[""Love"", ""Admiration""]"
ee1h48v,Awesome footage. The one child signing to look into his eyes looks as though he is jaundiced. His eyes are quite green yellow colour.,0,0,0,0,1,0,0,0,0,0,0,0,0,0,0,0,0,0,0,0,0,1,0,"[""Admiration"", ""Pity""]","[""Admiration""]","[""admiration""]","[""Admiration""]","[""Admiration""]"
ef130q0,"That's interesting, thank you. I'll mention it to the psych when I see them next.",0,0,0,0,0,0,0,0,0,0,0,1,0,0,0,0,0,0,0,0,0,1,0,"[""Admiration"", ""Gratitude""]","[""Admiration"", ""Gratitude""]","[""admiration"", ""gratitude""]","[""Admiration"", ""Gratitude""]","[""Neutral"", ""Gratitude""]"
eey7ols,Iâ€™m finishing that right now. Very fascinating.,0,0,0,0,0,1,0,0,0,1,0,0,0,0,0,0,0,0,0,0,0,1,0,"[""Admiration"", ""Gratification"", ""Satisfaction""]","[""Admiration""]","[""admiration"", ""approval""]","[""Admiration""]","[""Satisfaction"", ""Admiration""]"
ef75xoy,This is the guy to talk to! Draftbuffs amazing and getting better constantly.,0,0,0,0,0,0,0,0,0,0,0,0,0,0,0,0,0,0,0,0,0,1,0,"[""Admiration""]","[""Admiration""]","[""admiration"", ""approval""]","[""Admiration""]","[""Satisfaction"", ""Admiration""]"
eddd4o9,Happy cake day bot!!,0,1,0,0,0,0,0,0,0,0,0,0,0,0,0,0,0,0,0,0,0,1,0,"[""Admiration"", ""Happy-for""]","[""Admiration""]","[""admiration""]","[""Admiration""]","[""Joy""]"
ef3z1nv,"Nice little train journey. Come on everyone, shower up before the tour",1,0,0,0,0,0,0,0,0,0,0,0,0,0,0,0,0,0,0,0,0,1,0,"[""Admiration"", ""Neutral""]","[""Admiration""]","[""admiration""]","[""Admiration""]","[""Neutral""]"
ef0cpad,"Safeco had these chocolate covered ""fruit kabobs"" that were damn good. ",0,0,0,0,0,0,0,0,0,0,0,0,0,0,0,0,0,1,0,0,0,1,0,"[""Admiration"", ""Joy""]","[""Admiration""]","[""admiration""]","[""Admiration""]","[""Satisfaction"", ""Gratification""]"
ed7cw0f,"you made history, at least",0,0,0,0,0,0,0,0,0,0,0,0,0,0,0,0,0,0,0,0,0,1,0,"[""Admiration""]","[""Admiration""]","[""admiration""]","[""Admiration""]","[""Pride"", ""Admiration""]"
eeebl6z,I think [NAME] is the best QB Prospect since [NAME] and I would kill for my Lions to get him.,0,0,0,0,0,0,0,0,0,0,0,0,0,0,0,1,0,0,0,0,0,1,0,"[""Admiration"", ""Hope""]","[""Admiration""]","[""admiration"", ""approval""]","[""Admiration""]","[""Hope"", ""Admiration""]"
ee1tlj4,persistence that is working perfectly fine...thanks to backup scripts lol,0,0,0,0,0,1,0,0,0,0,0,1,0,0,0,0,0,0,0,0,0,1,0,"[""Admiration"", ""Gratitude"", ""Satisfaction""]","[""Admiration"", ""Gratitude""]","[""admiration"", ""amusement"", ""approval"", ""gratitude""]","[""Admiration"", ""Gratitude""]","[""Satisfaction"", ""Relief"", ""Gratitude""]"
eev73fs,"Thanks for the info, appreciate it. ",0,0,0,0,0,0,0,0,0,0,0,1,0,0,0,0,0,0,0,0,0,1,0,"[""Admiration"", ""Gratitude""]","[""Admiration"", ""Gratitude""]","[""admiration"", ""gratitude""]","[""Admiration"", ""Gratitude""]","[""Gratitude""]"
edlys7y,"Saw [NAME] of Big Bang Theory many years ago without makeup and she looked awful, and that was when she was pretty",0,0,0,0,0,0,0,0,0,0,0,0,0,0,0,0,0,0,0,0,0,1,1,"[""Admiration"", ""Reproach""]","[""Admiration""]","[""admiration""]","[""Admiration""]","[""Resentment"", ""Distress"", ""Reproach""]"
ee0vzik,Very handsome!!,0,0,0,0,0,0,0,0,0,0,0,0,0,0,0,0,0,0,0,0,0,1,0,"[""Admiration""]","[""Admiration""]","[""admiration""]","[""Admiration""]","[""Admiration""]"
eep3xik,"its great that she takes care of you, but remember to let her know that she can lean on you",0,0,0,0,0,0,0,0,0,0,0,1,0,0,0,0,0,0,0,0,0,1,0,"[""Admiration"", ""Gratitude""]","[""Admiration""]","[""admiration""]","[""Admiration""]","[""Gratitude"", ""Love"", ""Admiration""]"
ed51o1i,"Many people from 2004 played Fortnite too. You know, because it's a good game and not everyone likes to hate on things arbitrarily.",0,0,0,0,0,0,0,0,0,0,0,0,0,0,0,0,0,0,0,0,0,1,1,"[""Admiration"", ""Reproach""]","[""Admiration""]","[""admiration"", ""approval""]","[""Admiration""]","[""Satisfaction"", ""Gratification""]"
ed872n2,> A good jab to the sternum is what I was taught. maybe a sharpened bat would work better?,0,0,0,0,0,0,0,0,0,0,0,0,1,0,1,0,0,0,0,0,0,0,1,"[""Anger"", ""Hate"", ""Reproach""]",[],"[""curiosity"", ""optimism""]","[""Hope""]","[""Anger"", ""Hate""]"
een4h6d,I don't reveal my sources. Gotta keep my journalistic integrity.,0,0,0,0,0,0,0,0,0,0,0,0,0,0,0,0,0,0,0,1,0,0,0,"[""Pride""]","[""Pride""]","[""optimism"", ""pride""]","[""Hope"", ""Pride""]","[""Pride""]"
ee2uele,He's just getting kicks from pushing buttons. Keep fighting and never give up. It will get better eventually.,0,0,0,0,0,0,0,0,0,0,0,0,0,0,0,1,0,0,0,0,0,0,1,"[""Hope"", ""Reproach""]",[],"[""amusement"", ""optimism""]","[""Hope""]","[""Hope"", ""Distress""]"
ed5uvsf,It's just bizarre you would criticize [NAME] on his development capabilities when he's not a developer... His specialties are centered around crypto philosophy,0,0,0,0,0,0,0,0,0,0,0,0,0,0,0,0,0,0,0,0,0,1,1,"[""Admiration"", ""Reproach""]",[],"[""optimism""]","[""Hope""]","[""Resentment"", ""Reproach""]"
edy2qyz,The absolute subhuman filth that worships [NAME] will believe that this isn't even a photoshop,0,0,0,0,0,0,0,0,0,0,0,0,1,0,1,0,0,0,0,0,0,0,1,"[""Anger"", ""Hate"", ""Reproach""]",[],"[""optimism""]","[""Hope""]","[""Anger"", ""Hate"", ""Distress"", ""Reproach""]"
eeseewv,Correct. The LTB judgements are enforced by going through small claims. Which makes for another hurdle for tenants trying to collect judgements.,0,0,0,0,0,0,0,0,1,0,0,0,0,0,0,0,0,0,0,0,0,0,0,"[""Disappointment""]",[],"[""approval"", ""optimism""]","[""Hope""]","[""Resentment"", ""Disappointment""]"
ed01zcq,Are we not going to discuss the fact that his head is forming from the top of his ear,0,0,0,0,0,0,0,0,0,0,0,0,0,0,0,0,0,0,0,0,0,0,1,"[""Reproach""]",[],"[""optimism""]","[""Hope""]","[""Neutral""]"
ef8dws3,Sometimes to do what's right we must give up the thing we want the most... even our dreams.,0,0,0,0,0,0,0,0,1,0,0,0,0,0,0,0,0,0,1,0,0,0,0,"[""Disappointment"", ""Distress""]",[],"[""approval"", ""optimism""]","[""Hope""]","[""Disappointment"", ""Remorse"", ""Distress""]"
ef5bqzb,"at least give the penguin some scritches, as it said no matter what they do, it would head to the mountain anyways ðŸ˜­",0,0,0,0,1,0,0,0,0,0,0,0,0,0,0,0,0,0,0,0,0,0,0,"[""Pity""]",[],"[""desire"", ""optimism""]","[""Hope""]","[""Pity"", ""Distress""]"
ed49tve,I got that feeling as well. Hoping he retires a Jet. We are the one org that embraced him. He was coaching sam every step.,0,0,0,0,0,0,0,0,0,0,0,0,0,0,0,1,0,0,0,0,0,1,0,"[""Admiration"", ""Hope""]",[],"[""optimism""]","[""Hope""]","[""Gratitude"", ""Hope"", ""Admiration""]"
efbpxa7,"Scratch that, tickets go on sale February 7th.",1,0,0,0,0,0,0,0,0,0,0,0,0,0,0,0,0,0,0,0,0,0,0,"[""Neutral""]",[],"[""excitement"", ""optimism""]","[""Hope""]","[""Neutral""]"
ed3ngub,I would love it if we got Nino! Nino - Mitts - Sheary would be a great second line.,0,0,0,0,0,0,0,0,0,0,0,0,0,1,0,1,0,0,0,0,0,1,0,"[""Admiration"", ""Hope"", ""Love""]","[""Love""]","[""love"", ""optimism""]","[""Hope"", ""Love""]","[""Love"", ""Hope"", ""Joy""]"
ed5r7je,"Nobody forced [NAME] to take [NAME] over [NAME], if he liked him that much then he shouldâ€™ve just taken him.",0,0,0,0,0,0,0,0,0,0,0,0,0,0,0,0,0,0,0,0,0,0,1,"[""Reproach""]",[],"[""optimism""]","[""Hope""]","[""Resentment"", ""Reproach""]"
edl1b63,I hope he isn't scared to over power the thibs guys on the coaching staff. It seems like he is a hestitant to make any major changes.,0,0,0,0,0,0,0,0,0,0,0,0,0,0,0,1,0,0,0,0,0,0,1,"[""Hope"", ""Reproach""]",[],"[""optimism""]","[""Hope""]","[""Hope"", ""Fear""]"
edlnfam,Now I really hope he spends a few days meditating on music and then gets back to us on his insights regarding Giant Steps by [NAME].,0,0,0,0,0,0,0,0,0,0,0,0,0,0,0,1,0,0,0,0,0,0,0,"[""Hope""]",[],"[""caring"", ""optimism""]","[""Hope""]","[""Hope""]"
eevgtxz,11 seconds. I'll try harder next time.,0,0,0,0,0,0,0,0,1,0,0,0,0,0,0,1,0,0,0,0,0,0,0,"[""Disappointment"", ""Hope""]",[],"[""optimism""]","[""Hope""]","[""Disappointment"", ""Hope""]"
eeru33m,Yeah I usually do it if no-one will,0,0,0,0,0,1,0,0,0,0,0,0,0,0,0,0,0,0,0,0,0,0,0,"[""Satisfaction""]",[],"[""approval"", ""optimism""]","[""Hope""]","[""Neutral""]"
efgsis5,Any time. Sorry she is putting you through this. I hope you two figure it out soon.,0,0,0,0,1,0,0,0,0,0,1,0,0,0,0,1,0,0,0,0,0,0,0,"[""Hope"", ""Pity"", ""Remorse""]","[""Remorse""]","[""optimism"", ""remorse""]","[""Hope"", ""Remorse""]","[""Pity"", ""Hope""]"
edbkecf,"The only rank that can't be deranked is diamond. However, all rewards are based on peak elo. So don't be afraid to keep playing.",0,0,0,0,0,0,0,1,0,0,0,0,0,0,0,1,0,0,0,0,0,0,0,"[""Hope"", ""Relief""]",[],"[""caring"", ""optimism""]","[""Hope""]","[""Relief"", ""Hope""]"
efdeiv1,Yeah I totally wasnâ€™t going to until I saw this comment.,1,0,0,0,0,0,0,0,0,0,0,0,0,0,0,0,0,0,0,0,0,0,0,"[""Neutral""]",[],"[""curiosity"", ""optimism""]","[""Hope""]","[""Neutral""]"
edxxorc,"Precisely that. I hope youâ€™re able to find strategies to deal with it easier, itâ€™s really tough",0,0,0,0,1,0,0,0,0,0,0,0,0,0,0,1,0,0,0,0,0,0,0,"[""Hope"", ""Pity""]",[],"[""nervousness"", ""optimism""]","[""Hope""]","[""Pity"", ""Hope""]"
ee41fyp,"This is why, when I do it, I'm gonna do it as quick and brutally as possible. This is inhumane.",0,0,0,0,0,0,0,0,0,0,0,0,1,0,0,0,0,0,1,0,0,0,1,"[""Anger"", ""Distress"", ""Reproach""]",[],"[""approval"", ""optimism""]","[""Hope""]","[""Neutral""]"
eekdcz4,For sure larrisa so I can try and bang her,1,0,0,0,0,0,0,0,0,0,0,0,0,0,0,0,0,0,0,0,0,0,0,"[""Neutral""]",[],"[""optimism""]","[""Hope""]","[""Neutral""]"
edsljig,"I don't think it's age related, we all forget how much newborns suck. If we didn't we'd stop having babies.",1,0,0,0,0,0,0,0,0,0,0,0,0,0,0,0,0,0,0,0,0,0,0,"[""Neutral""]",[],"[""optimism""]","[""Hope""]","[""Neutral""]"
eep8b6o,Are 3.0 still active? I was really hoping they would have gotten signed after their tryout camp a couple years back.,0,0,0,0,0,0,0,0,1,0,0,0,0,0,0,1,0,0,0,0,0,0,0,"[""Disappointment"", ""Hope""]",[],"[""optimism""]","[""Hope""]","[""Disappointment"", ""Hope""]"
ef8tykf,Sleep > class Thats the only way,1,0,0,0,0,0,0,0,0,0,0,0,0,0,0,0,0,0,0,0,0,0,0,"[""Neutral""]",[],"[""optimism""]","[""Hope""]","[""Neutral""]"
ee7ay1h,"What do you mean strap around the bulls nuts?!,!? Sorry not into rodeo things ",0,0,0,0,0,0,0,0,0,0,1,0,0,0,0,0,0,0,1,0,0,0,1,"[""Distress"", ""Remorse"", ""Reproach""]","[""Remorse""]","[""remorse""]","[""Remorse""]","[""Neutral""]"
ee65luq,Always felt like this match would go 5. Come on [NAME]!,0,0,0,0,0,0,0,0,0,0,1,0,0,0,0,1,0,0,0,0,0,0,0,"[""Hope"", ""Remorse""]","[""Remorse""]","[""remorse""]","[""Remorse""]","[""Hope""]"
eei6f4q,"What are you even talking about? I'm sorry you don't like [NAME], get over it.",0,0,0,0,0,0,0,0,0,0,1,0,1,0,0,0,0,0,0,0,0,0,1,"[""Anger"", ""Remorse"", ""Reproach""]","[""Remorse""]","[""remorse""]","[""Remorse""]","[""Anger"", ""Reproach""]"
edeegz4,"He wants to make excuses for his affair and I doubt you'll feel better after listening to him. In fact, you may actually feel worse. ",0,0,0,0,0,0,0,0,0,0,1,0,0,0,0,0,0,0,1,0,0,0,1,"[""Distress"", ""Remorse"", ""Reproach""]","[""Remorse""]","[""remorse""]","[""Remorse""]","[""Disappointment"", ""Anger"", ""Distress""]"
ed10ppm,Sorry about that!,0,0,0,0,0,0,0,0,0,0,1,0,0,0,0,0,0,0,0,0,0,0,0,"[""Remorse""]","[""Remorse""]","[""remorse""]","[""Remorse""]","[""Remorse""]"
edsy0lz,"i heard it was like 300,000 german pows he just sprayed down after shooting his 30 round mag into them.",0,0,0,0,0,0,0,0,0,0,1,0,0,0,0,0,0,0,1,0,0,0,1,"[""Distress"", ""Remorse"", ""Reproach""]","[""Remorse""]","[""remorse""]","[""Remorse""]","[""Anger"", ""Hate"", ""Distress""]"
ee18oid,I regret that I understand that reference :(,0,0,0,0,0,0,0,0,0,0,1,0,0,0,0,0,0,0,0,0,0,0,0,"[""Remorse""]","[""Remorse""]","[""remorse""]","[""Remorse""]","[""Remorse"", ""Distress""]"
ed7rzgo,just awful I'm gonna throw a barbeque to get back at them,0,0,0,0,0,0,0,0,0,0,1,0,1,0,0,0,0,0,0,0,0,0,1,"[""Anger"", ""Remorse"", ""Reproach""]","[""Remorse""]","[""remorse""]","[""Remorse""]","[""Resentment"", ""Anger""]"
ee7llsz,"Oh, I definitely got muted, too.",0,0,0,0,0,0,1,0,1,0,1,0,0,0,0,0,0,0,0,0,0,0,0,"[""Disappointment"", ""Fears-Confirmed"", ""Remorse""]","[""Remorse""]","[""remorse""]","[""Remorse""]","[""Neutral""]"
eesgbva,Ok my apologies then!,0,0,0,0,0,0,0,0,0,0,1,0,0,0,0,0,0,0,0,0,0,0,0,"[""Remorse""]","[""Remorse""]","[""remorse""]","[""Remorse""]","[""Remorse""]"
ee6sids,"Sorry, but you probably do given the AVers do have a limited literary skills at the best of times.",0,0,0,0,0,0,0,0,0,0,1,0,1,0,0,0,0,0,0,0,0,0,1,"[""Anger"", ""Remorse"", ""Reproach""]","[""Remorse""]","[""remorse""]","[""Remorse""]","[""Resentment"", ""Reproach""]"
ee90c4h,"We need to get some away wins now more than ever. 2nd half of the season, no more time to be circle jerking each other! ",0,0,0,0,0,0,0,0,1,0,1,0,0,0,0,0,0,0,0,0,0,0,1,"[""Disappointment"", ""Remorse"", ""Reproach""]","[""Remorse""]","[""remorse""]","[""Remorse""]","[""Anger"", ""Hope"", ""Distress""]"
eejhlt1,My one regret is not making an account sooner. I lurked for a long time because I felt like I didn't have anything worth saying.,0,0,0,0,0,0,0,0,0,0,1,0,0,0,0,0,0,0,1,0,1,0,0,"[""Distress"", ""Remorse"", ""Shame""]","[""Remorse""]","[""remorse""]","[""Remorse""]","[""Disappointment"", ""Remorse"", ""Shame""]"
ee7toae,That was my mistake. It should only show your First Name and The 1st letter of my last name.,0,0,0,0,0,0,0,0,0,0,1,0,0,0,0,0,0,0,0,0,0,0,0,"[""Remorse""]","[""Remorse""]","[""realization"", ""remorse""]","[""Remorse""]","[""Remorse""]"
edtzphs,"If he has to put up with people like you, I feel even more sorry for him now. Yikes. ",0,0,0,0,1,0,0,0,0,0,1,0,0,0,0,0,0,0,0,0,0,0,1,"[""Pity"", ""Remorse"", ""Reproach""]","[""Remorse""]","[""remorse""]","[""Remorse""]","[""Pity"", ""Reproach""]"
eev0nua,I'm sorry but data and facts are more important than the emotional experience of having lived through something.,0,0,0,0,0,0,0,0,0,0,1,0,0,0,0,0,0,0,0,0,0,0,1,"[""Remorse"", ""Reproach""]","[""Remorse""]","[""remorse""]","[""Remorse""]","[""Neutral"", ""Reproach""]"
ee48xtb,"Sorry, not sorry, but this seems wrong and extremely disrespectful.",0,0,0,0,0,0,0,0,0,0,1,0,1,0,0,0,0,0,0,0,0,0,1,"[""Anger"", ""Remorse"", ""Reproach""]","[""Remorse""]","[""disapproval"", ""remorse""]","[""Remorse"", ""Reproach""]","[""Resentment"", ""Anger"", ""Reproach""]"
edtjxgi,Damn didnâ€™t see it sorry,0,0,0,0,0,0,0,0,0,0,1,0,0,0,0,0,0,0,0,0,0,0,0,"[""Remorse""]","[""Remorse""]","[""remorse""]","[""Remorse""]","[""Remorse""]"
edwxw1c,That woman is simultaneously very evil and using her evil to make others regret doing evil things.,0,0,0,0,0,0,0,0,0,0,1,0,0,0,0,0,0,0,0,0,0,1,1,"[""Admiration"", ""Remorse"", ""Reproach""]","[""Remorse""]","[""remorse""]","[""Remorse""]","[""Resentment"", ""Reproach""]"
eec8q6g,"Sorry, ""semi"". Happy?",0,0,0,0,0,0,0,0,0,0,1,0,1,0,0,0,0,0,0,0,0,0,1,"[""Anger"", ""Remorse"", ""Reproach""]","[""Remorse""]","[""curiosity"", ""embarrassment"", ""remorse""]","[""Remorse""]","[""Resentment"", ""Anger""]"
ef8he49,"I regret not grabbing my work laptop today, then I wouldn't have to leave fort blanket until Thursday. ",0,0,0,0,0,0,0,0,1,0,1,0,0,0,0,0,0,0,0,0,0,0,0,"[""Disappointment"", ""Remorse""]","[""Remorse""]","[""remorse""]","[""Remorse""]","[""Disappointment"", ""Remorse""]"
edgasry,"From his username I can tell he lives in a city close to me. I'm sorry everyone, Vermont has better to offer than the likes of him",0,0,0,0,0,0,0,0,0,0,1,0,0,0,0,0,0,0,1,0,0,0,1,"[""Distress"", ""Remorse"", ""Reproach""]","[""Remorse""]","[""remorse""]","[""Remorse""]","[""Distress"", ""Reproach""]"
eekhik8,"Iâ€™m sorry if I hurt your fragile ego, you should get off the internet lol",0,0,0,0,0,0,0,0,0,0,1,0,1,0,0,0,0,0,0,0,0,0,1,"[""Anger"", ""Remorse"", ""Reproach""]","[""Remorse""]","[""remorse""]","[""Remorse""]","[""Gloating"", ""Anger"", ""Reproach""]"
eedz75s,Why are you sorry for your grandma? She did what she had to do in order to get what she had paid for.,0,0,0,0,0,0,0,0,0,0,1,0,0,0,0,0,0,0,0,0,0,1,0,"[""Admiration"", ""Remorse""]","[""Remorse""]","[""remorse""]","[""Remorse""]","[""Neutral""]"
efepvfa,"gotchu lol, in that case sorry you got downvoted to hell for this lol",0,0,0,0,1,0,0,0,0,0,1,0,0,0,0,0,0,0,0,0,0,0,0,"[""Pity"", ""Remorse""]","[""Remorse""]","[""remorse""]","[""Remorse""]","[""Pity"", ""Remorse""]"
eemn83v,"Sorry man, losing the championship after picking him up this year is a tough break",0,0,0,0,1,0,0,0,0,0,1,0,0,0,0,0,0,0,0,0,0,0,0,"[""Pity"", ""Remorse""]","[""Remorse""]","[""remorse""]","[""Remorse""]","[""Pity"", ""Disappointment""]"
edbs9ek,Iâ€™m happy he made it and not [NAME],0,0,0,1,0,0,0,0,0,0,0,0,0,0,0,0,0,1,0,0,0,0,0,"[""Gloating"", ""Joy""]","[""Joy""]","[""joy""]","[""Joy""]","[""Happy-for"", ""Resentment""]"
ee4yzfu,"Except for ""fighting liberalism"". Happy cake day.",0,0,0,0,0,0,0,0,0,0,0,0,0,0,0,0,0,1,0,0,0,0,1,"[""Joy"", ""Reproach""]","[""Joy""]","[""joy""]","[""Joy""]","[""Neutral""]"
edak5lv,I've finally found my people who know the struggle.,0,0,0,0,0,0,0,0,0,0,0,0,0,0,0,0,0,1,0,0,0,1,0,"[""Admiration"", ""Joy""]","[""Joy""]","[""joy""]","[""Joy""]","[""Relief"", ""Gratitude"", ""Joy""]"
edgmgcp,He probably enjoyed it so much with his frat brothers that he's willing to buck his own party for good weed.,0,0,0,0,0,0,0,0,0,0,0,0,0,0,0,0,0,1,0,0,0,0,1,"[""Joy"", ""Reproach""]","[""Joy""]","[""joy""]","[""Joy""]","[""Gloating"", ""Satisfaction""]"
ee8pp9d,This a very obvious joke. Also the old facepalm picture doesn't make your post better.,0,0,0,0,0,0,0,0,0,0,0,0,0,0,0,0,0,1,0,0,0,0,1,"[""Joy"", ""Reproach""]","[""Joy""]","[""joy""]","[""Joy""]","[""Reproach""]"
efegv53,"Unless you're trying it with dollarstore shit, don't risk wasting the money. Just enjoy it.",0,0,0,0,0,0,0,0,0,0,0,0,0,0,0,0,0,1,0,0,0,0,1,"[""Joy"", ""Reproach""]","[""Joy""]","[""joy""]","[""Joy""]","[""Neutral""]"
edz80ej,Oh well... I'll like both of you.,0,0,0,0,0,0,0,0,0,0,0,0,0,1,0,0,0,1,0,0,0,0,0,"[""Joy"", ""Love""]","[""Joy""]","[""joy""]","[""Joy""]","[""Neutral"", ""Love""]"
edu2qdp,Nice. Me too. I'm 2002. You?,1,0,0,0,0,0,0,0,0,0,0,0,0,0,0,0,0,1,0,0,0,0,0,"[""Joy"", ""Neutral""]","[""Joy""]","[""joy""]","[""Joy""]","[""Neutral""]"
eefdghv,"Me too! And he was so happy to get that out of her back, he seems like he really cares.",0,1,0,0,0,0,0,0,0,0,0,0,0,0,0,0,0,1,0,0,0,1,0,"[""Admiration"", ""Happy-for"", ""Joy""]","[""Joy""]","[""joy"", ""realization""]","[""Joy""]","[""Happy-for"", ""Love"", ""Admiration""]"
eehmqtv,This is how it should be. I'm so happy to see this post.,0,0,0,0,0,0,0,0,0,0,0,0,0,0,0,0,0,1,0,0,0,1,0,"[""Admiration"", ""Joy""]","[""Joy""]","[""joy""]","[""Joy""]","[""Satisfaction"", ""Joy""]"
eea6x7z,"$42,000 fine over a JOKE is unreasonable. ",0,0,0,0,0,0,0,0,0,0,0,0,1,0,0,0,0,1,0,0,0,0,1,"[""Anger"", ""Joy"", ""Reproach""]","[""Joy""]","[""amusement"", ""joy""]","[""Joy""]","[""Resentment"", ""Disappointment"", ""Anger""]"
eef7o9r,lol [NAME].,0,0,0,1,0,0,0,0,0,0,0,0,0,0,0,0,0,1,0,0,0,0,0,"[""Gloating"", ""Joy""]","[""Joy""]","[""joy""]","[""Joy""]","[""Gloating""]"
ee0drz8,Awesome! [NAME] is stilling kicking it through the uprights!,0,1,0,0,0,0,0,0,0,0,0,0,0,0,0,0,0,1,0,0,0,1,0,"[""Admiration"", ""Happy-for"", ""Joy""]","[""Joy""]","[""joy""]","[""Joy""]","[""Joy"", ""Admiration""]"
efd6fhq,Funny joke.,0,0,0,0,0,0,0,0,0,0,0,0,0,0,0,0,0,1,0,0,0,0,0,"[""Joy""]","[""Joy""]","[""joy""]","[""Joy""]","[""Joy""]"
ef8rg5d,They gave me free Subnautica which is an incredibly wonderful game so I'm pretty darn happy. And it's not exclusive.,0,0,0,0,0,0,0,0,0,1,0,0,0,0,0,0,0,1,0,0,0,0,0,"[""Gratification"", ""Joy""]","[""Joy""]","[""joy""]","[""Joy""]","[""Satisfaction"", ""Gratitude"", ""Joy""]"
eeyaomy,It's time to cultivate some mass.,0,0,0,0,0,0,0,0,0,0,0,0,0,0,0,1,0,1,0,0,0,0,0,"[""Hope"", ""Joy""]","[""Joy""]","[""joy""]","[""Joy""]","[""Neutral""]"
edbto6y,"Well, at least you'll have plenty of company",0,0,0,1,0,0,0,0,0,0,0,0,0,0,0,0,0,1,0,0,0,0,0,"[""Gloating"", ""Joy""]","[""Joy""]","[""joy""]","[""Joy""]","[""Gloating"", ""Reproach""]"
ed7hs36,That's my horse!,0,0,0,0,0,0,0,0,0,0,0,0,0,0,0,0,0,1,0,1,0,0,0,"[""Joy"", ""Pride""]","[""Joy""]","[""joy""]","[""Joy""]","[""Pride""]"
eduersu,"I'm going to use ""my dicky has to perpetually get sticky"" as a line to pick up ladies. Wish me luck, guys!",0,0,0,0,0,0,0,0,0,0,0,0,0,0,0,1,0,1,0,0,0,0,0,"[""Hope"", ""Joy""]","[""Joy""]","[""joy""]","[""Joy""]","[""Hope""]"
ef85zca,"I like this template, it makes me happy.",0,0,0,0,0,0,0,0,0,0,0,0,0,1,0,0,0,1,0,0,0,0,0,"[""Joy"", ""Love""]","[""Joy"", ""Love""]","[""joy"", ""love""]","[""Joy"", ""Love""]","[""Gratification"", ""Joy""]"
edomj00,It really is! I loved everything about it. I'm so happy my friend told me about the franchise :),0,0,0,0,0,0,0,0,0,0,0,1,0,1,0,0,0,1,0,0,0,0,0,"[""Gratitude"", ""Joy"", ""Love""]","[""Joy"", ""Love""]","[""joy"", ""love""]","[""Joy"", ""Love""]","[""Gratitude"", ""Love"", ""Joy""]"
ee0br2k,Me and my brother were both born and raised in SC but both our parents are from MI. So we were raised fans from the beginning,0,0,0,0,0,0,0,0,0,0,0,0,0,0,0,0,0,1,0,1,0,0,0,"[""Joy"", ""Pride""]","[""Joy""]","[""joy""]","[""Joy""]","[""Love"", ""Pride""]"
ed20fjc,oh Ye crazy again for 2019 huh,0,0,0,0,0,0,0,0,0,0,0,0,0,0,0,0,0,1,0,0,0,0,1,"[""Joy"", ""Reproach""]","[""Joy""]","[""joy""]","[""Joy""]","[""Neutral""]"
ed1bkeu,Three years ago I did! Ended up hospitalized for 5 days. I can say that I'm in a much better place now. :),0,0,0,0,0,1,0,1,0,1,0,0,0,0,0,0,0,1,0,0,0,0,0,"[""Gratification"", ""Joy"", ""Relief"", ""Satisfaction""]","[""Joy""]","[""joy""]","[""Joy""]","[""Relief"", ""Gratitude"", ""Joy""]"
ed5uacr,"Me and friends just got Vermintide 2, and it isn't an MMO but it solves a lot of MMO problems we had. Quite fun so far.",0,0,0,0,0,1,0,1,0,0,0,0,0,0,0,0,0,1,0,0,0,0,0,"[""Joy"", ""Relief"", ""Satisfaction""]","[""Joy"", ""Relief""]","[""joy"", ""relief""]","[""Joy"", ""Relief""]","[""Satisfaction"", ""Joy""]"
eczg4ys,Happy New Year everyone!,0,0,0,0,0,0,0,0,0,0,0,0,0,0,0,0,0,1,0,0,0,0,0,"[""Joy""]","[""Joy""]","[""joy""]","[""Joy""]","[""Gratitude"", ""Hope"", ""Joy""]"
efbnn3t,"This is more like Instant Karma. The schadenfreude is strong with me, here! Wish I could upvote this twice! :)",0,0,0,1,0,0,0,0,0,0,0,0,1,0,0,0,0,0,0,0,0,0,0,"[""Anger"", ""Gloating""]","[""Anger""]","[""anger"", ""annoyance"", ""optimism""]","[""Anger"", ""Hope""]","[""Gloating"", ""Satisfaction"", ""Joy""]"
ee0m7ga,He was a bony old bastard and probably jealous of their big cat energy.,0,0,1,0,0,0,0,0,0,0,0,0,1,0,0,0,0,0,0,0,0,0,1,"[""Anger"", ""Reproach"", ""Resentment""]","[""Anger""]","[""anger""]","[""Anger""]","[""Resentment"", ""Anger""]"
ed61h49,Â«WHAT ARE YOU DOING IN MY SWAMP????Â» yelled [NAME].,0,0,0,0,0,0,0,0,0,0,0,0,1,0,0,0,0,0,0,0,0,0,0,"[""Anger""]","[""Anger""]","[""anger""]","[""Anger""]","[""Anger""]"
eeb2ccj,You just posted the same thing but made it worse.,0,0,0,0,0,0,0,0,0,0,0,0,1,0,0,0,0,0,0,0,0,0,1,"[""Anger"", ""Reproach""]","[""Anger""]","[""anger"", ""annoyance"", ""disappointment""]","[""Anger"", ""Disappointment""]","[""Disappointment"", ""Reproach""]"
edzmkbp,"It's hard to have a nuanced opinion, innit? But I don't like everything he does. This is one if them.",0,0,0,0,0,0,0,0,0,0,0,0,1,0,0,0,0,0,0,0,0,0,1,"[""Anger"", ""Reproach""]","[""Anger""]","[""anger""]","[""Anger""]","[""Neutral"", ""Reproach""]"
ed8vsxg,"Shut up, or you'll be tossed off the roof!",0,0,0,0,0,0,0,0,0,0,0,0,1,0,0,0,1,0,0,0,0,0,1,"[""Anger"", ""Fear"", ""Reproach""]","[""Anger""]","[""anger""]","[""Anger""]","[""Anger"", ""Fear""]"
ed7tqvl,It's ridiculous that [NAME] has inspired way more people to join rather than leave but there are way more media articles by people who have left.,0,0,0,0,0,0,0,0,0,0,0,0,1,0,0,0,0,0,1,0,0,0,1,"[""Anger"", ""Distress"", ""Reproach""]","[""Anger""]","[""anger""]","[""Anger""]","[""Resentment"", ""Reproach""]"
ef43srf,That son of a bitch!,0,0,0,0,0,0,0,0,0,0,0,0,1,0,0,0,0,0,0,0,0,0,0,"[""Anger""]","[""Anger""]","[""anger"", ""annoyance""]","[""Anger""]","[""Anger"", ""Hate""]"
ef2ccvq,Who the hell thinks he isnâ€™t overpaid,0,0,1,0,0,0,0,0,0,0,0,0,1,0,0,0,0,0,0,0,0,0,1,"[""Anger"", ""Reproach"", ""Resentment""]","[""Anger""]","[""anger"", ""curiosity""]","[""Anger""]","[""Resentment"", ""Anger""]"
ef8ewsw,"Ha, my husband goes out after you guys have done your thing and checks for himself, he's been burned too many times.",0,0,0,0,0,0,1,0,0,0,0,0,1,0,0,0,0,0,0,0,0,0,1,"[""Anger"", ""Fears-Confirmed"", ""Reproach""]","[""Anger""]","[""anger""]","[""Anger""]","[""Resentment"", ""Reproach""]"
ed8orl0,Yes no one wants your little failed abortion ruining their meal,0,0,0,0,0,0,0,0,0,0,0,0,1,0,1,0,0,0,0,0,0,0,1,"[""Anger"", ""Hate"", ""Reproach""]","[""Anger""]","[""anger"", ""disapproval""]","[""Anger"", ""Reproach""]","[""Anger"", ""Hate"", ""Distress"", ""Reproach""]"
een13zh,Mom.......MOTHERFUCKING CRACK,0,0,0,0,0,0,0,0,0,0,0,0,1,0,0,0,0,0,1,0,0,0,0,"[""Anger"", ""Distress""]","[""Anger""]","[""anger""]","[""Anger""]","[""Anger"", ""Distress""]"
edmwrn4,The fuck is a fortnight? Like the game?,1,0,0,0,0,0,0,0,0,0,0,0,1,0,0,0,0,0,0,0,0,0,0,"[""Anger"", ""Neutral""]","[""Anger""]","[""anger""]","[""Anger""]","[""Neutral""]"
edcl0uj,Well this is frustrating.,0,0,0,0,0,0,0,0,0,0,0,0,1,0,0,0,0,0,1,0,0,0,0,"[""Anger"", ""Distress""]","[""Anger""]","[""anger""]","[""Anger""]","[""Disappointment"", ""Anger"", ""Distress""]"
eehpq6s,"It's shit, it's over, put the damn format to bed and send the cunts who make it over to Fox",0,0,0,0,0,0,0,0,0,0,0,0,1,0,0,0,0,0,1,0,0,0,1,"[""Anger"", ""Distress"", ""Reproach""]","[""Anger""]","[""anger""]","[""Anger""]","[""Disappointment"", ""Anger"", ""Hate"", ""Reproach""]"
ee28b5b,She's just going to suck you back in.,0,0,0,0,0,0,0,0,0,0,0,0,1,0,0,0,1,0,0,0,0,0,1,"[""Anger"", ""Fear"", ""Reproach""]","[""Anger""]","[""anger""]","[""Anger""]","[""Resentment"", ""Fear"", ""Distress""]"
ef76ge5,"I hate the argument too. It betrays and exposes the violent, primitive ape amygdala response that is most Human social interaction. ",0,0,0,0,0,0,0,0,0,0,0,0,1,0,1,0,0,0,0,0,0,0,1,"[""Anger"", ""Hate"", ""Reproach""]","[""Anger""]","[""anger""]","[""Anger""]","[""Anger"", ""Hate"", ""Distress""]"
eer6zsq,"Please stop posting things like this, this is serious, keep it civil, keep it real, thanks.",0,0,0,0,0,0,0,0,0,0,0,1,1,0,0,0,0,0,0,0,0,0,1,"[""Anger"", ""Gratitude"", ""Reproach""]","[""Anger"", ""Gratitude""]","[""anger"", ""gratitude""]","[""Anger"", ""Gratitude""]","[""Gratitude"", ""Reproach""]"
eesxp0i,Who the hell has reddit in anything other than dark mode ??,0,0,0,0,0,0,0,0,0,0,0,0,1,0,0,0,0,0,0,0,0,0,1,"[""Anger"", ""Reproach""]","[""Anger""]","[""anger""]","[""Anger""]","[""Anger"", ""Reproach""]"
eepefiy,THIS MADE ME CRY,0,0,0,0,0,0,0,0,0,0,0,0,1,0,0,0,0,0,1,0,0,0,0,"[""Anger"", ""Distress""]","[""Anger""]","[""anger""]","[""Anger""]","[""Distress""]"
ef6efte,And you know they never grow out of that...I hate people. Myself included.,0,0,0,0,0,0,0,0,0,0,0,0,1,0,1,0,0,0,0,0,1,0,0,"[""Anger"", ""Hate"", ""Shame""]","[""Anger""]","[""anger""]","[""Anger""]","[""Anger"", ""Hate"", ""Distress"", ""Shame""]"
ef78vt9,"THE IMAGE ASKS ""WOULD YOU VIOLENCE THIS BABY IF BABY WORE HAT"" THE ANSWER IS ""NEH""",1,0,0,0,0,0,0,0,0,0,0,0,1,0,0,0,0,0,0,0,0,0,0,"[""Anger"", ""Neutral""]","[""Anger""]","[""anger""]","[""Anger""]","[""Neutral""]"
eepcbjy,Well.... fuck,0,0,0,0,0,0,0,0,0,0,0,0,1,0,0,0,0,0,1,0,0,0,0,"[""Anger"", ""Distress""]","[""Anger""]","[""anger""]","[""Anger""]","[""Anger"", ""Distress""]"
eegt0p6,School Board Trustees are leeches of the system in any district. It's the most unnecessary position that does nothing more than continuous damage.,0,0,0,0,0,0,0,0,0,0,0,0,1,0,1,0,0,0,0,0,0,0,1,"[""Anger"", ""Hate"", ""Reproach""]","[""Anger""]","[""anger"", ""annoyance""]","[""Anger""]","[""Resentment"", ""Anger"", ""Reproach""]"
eekn9ce,"Have you had no withdrawal symptoms? Did you quit cold turkey? I want to go off abilify, it sucks.",0,0,0,0,0,0,0,0,0,0,0,0,1,0,0,1,0,0,1,0,0,0,0,"[""Anger"", ""Distress"", ""Hope""]","[""Anger""]","[""anger""]","[""Anger""]","[""Distress"", ""Reproach""]"
ed66zxr,"Shut up, [NAME]. ",0,0,0,0,0,0,0,0,0,0,0,0,1,0,0,0,0,0,0,0,0,0,1,"[""Anger"", ""Reproach""]","[""Anger""]","[""anger"", ""annoyance""]","[""Anger""]","[""Anger"", ""Reproach""]"
eedohba,Yeah I'm a moderator there. I'll let you post anything there because I'm a nice mod.,0,0,0,0,0,0,0,0,0,0,0,0,0,0,0,0,0,0,0,1,0,0,0,"[""Pride""]","[""Pride""]","[""approval"", ""pride""]","[""Pride""]","[""Gratification"", ""Pride""]"
eemtr6t,It's my masterpiece.,0,0,0,0,0,0,0,0,0,1,0,0,0,0,0,0,0,0,0,1,0,0,0,"[""Gratification"", ""Pride""]","[""Pride""]","[""pride""]","[""Pride""]","[""Satisfaction"", ""Pride""]"
ed2lszn,Also: - more snipers - another stealth hero This makes my top 3 of what would make the game even more fun.,0,0,0,0,0,0,0,0,0,0,0,0,0,0,0,1,0,1,0,1,0,0,0,"[""Hope"", ""Joy"", ""Pride""]","[""Pride""]","[""pride""]","[""Pride""]","[""Hope"", ""Joy""]"
edd4ags,Hell yeah it did!,0,0,0,0,0,1,0,0,0,0,0,0,0,0,0,0,0,0,0,1,0,0,0,"[""Pride"", ""Satisfaction""]","[""Pride""]","[""pride""]","[""Pride""]","[""Satisfaction"", ""Joy""]"
ee1vuua,The American way is to show some empathy for others come on dude,0,0,0,0,0,0,0,0,0,0,0,0,0,0,0,0,0,0,0,1,0,0,1,"[""Pride"", ""Reproach""]","[""Pride""]","[""approval"", ""pride""]","[""Pride""]","[""Admiration"", ""Reproach""]"
ef42dka,Majority of [NAME] support Dem investigations of a foreign agent? Iâ€™m so proud!,0,0,0,0,0,0,0,0,0,0,0,0,0,0,0,0,0,0,0,1,0,0,0,"[""Pride""]","[""Pride""]","[""curiosity"", ""pride""]","[""Pride""]","[""Pride""]"
eer2b4v,Sure but its exclusion isn't some big travesty,1,0,0,0,0,0,0,0,0,0,0,0,0,0,0,0,0,0,0,1,0,0,0,"[""Neutral"", ""Pride""]","[""Pride""]","[""pride""]","[""Pride""]","[""Neutral""]"
eeahkw3,[NAME] did a photo shoot with the first presidency. Hilarious,0,0,0,0,0,0,0,0,0,0,0,0,0,0,0,0,0,1,0,1,0,1,0,"[""Admiration"", ""Joy"", ""Pride""]","[""Pride""]","[""pride""]","[""Pride""]","[""Joy""]"
efaz8sr,"12 years, that's it? Psh I've been dating my gf for 20 and engaged for 10 years",0,0,0,0,0,0,0,0,0,0,0,0,0,0,0,0,0,0,0,1,0,0,1,"[""Pride"", ""Reproach""]","[""Pride""]","[""excitement"", ""pride""]","[""Pride""]","[""Gloating"", ""Pride""]"
eemo776,Nice try cat daddy ;),0,0,0,0,0,0,0,0,0,0,0,0,0,0,0,0,0,0,0,1,0,1,0,"[""Admiration"", ""Pride""]","[""Pride""]","[""pride""]","[""Pride""]","[""Gloating"", ""Satisfaction""]"
eevqtgr,"I personally am very proud to be a vegetable. Corn, to be exact. Corn pride y'all",0,0,0,0,0,0,0,0,0,0,0,0,0,0,0,0,0,0,0,1,0,0,0,"[""Pride""]","[""Pride""]","[""pride""]","[""Pride""]","[""Joy"", ""Pride""]"
edmr64x,"""you can't arrest me!! I'm attractive!""",0,0,0,0,0,0,0,0,0,0,0,0,0,0,0,0,0,0,0,1,0,0,0,"[""Pride""]","[""Pride""]","[""pride""]","[""Pride""]","[""Anger"", ""Pride""]"
edx29pk,"Nah, I it was cool to be a pedo back in the old days, ask [NAME] ",0,0,0,0,0,0,0,0,0,0,0,0,0,0,0,0,0,0,0,1,0,0,1,"[""Pride"", ""Reproach""]","[""Pride""]","[""pride""]","[""Pride""]","[""Neutral""]"
eec7plp,Thats me. Delivering justice two sentence at a time,0,0,0,0,0,0,0,0,0,1,0,0,0,0,0,0,0,0,0,1,0,0,0,"[""Gratification"", ""Pride""]","[""Pride""]","[""pride""]","[""Pride""]","[""Satisfaction"", ""Pride""]"
edtrnlw,28 weeks!!?! modern medicine is AMAZING!,0,0,0,0,0,0,0,0,0,0,0,0,0,0,0,0,0,1,0,1,0,1,0,"[""Admiration"", ""Joy"", ""Pride""]","[""Pride""]","[""pride""]","[""Pride""]","[""Joy"", ""Admiration""]"
efaymbj,As a [NAME] this makes me proud.,0,0,0,0,0,0,0,0,0,0,0,0,0,0,0,0,0,0,0,1,0,0,0,"[""Pride""]","[""Pride""]","[""pride""]","[""Pride""]","[""Pride""]"
ed2w1i7,A classic. I have these.,0,0,0,0,0,0,0,0,0,0,0,0,0,0,0,0,0,0,0,1,0,0,0,"[""Pride""]","[""Pride""]","[""pride""]","[""Pride""]","[""Neutral""]"
ee6ea7y,Seems more first thought is to stop and make sure to call 911.,1,0,0,0,0,0,0,0,0,0,0,0,0,0,0,0,0,0,0,1,0,0,0,"[""Neutral"", ""Pride""]","[""Pride""]","[""pride""]","[""Pride""]","[""Neutral""]"
eex08xg,And then everyone clapped,0,0,0,0,0,1,0,0,0,1,0,0,0,0,0,0,0,0,0,1,0,0,0,"[""Gratification"", ""Pride"", ""Satisfaction""]","[""Pride""]","[""pride""]","[""Pride""]","[""Satisfaction"", ""Joy"", ""Pride""]"
edjbo3e,I'm so proud of you!,0,0,0,0,0,0,0,0,0,0,0,0,0,0,0,0,0,0,0,1,0,1,0,"[""Admiration"", ""Pride""]","[""Pride""]","[""pride""]","[""Pride""]","[""Pride"", ""Admiration""]"
efal14p,"Proud [NAME], proud European. There are at least 16m of us.",0,0,0,0,0,0,0,0,0,0,0,0,0,0,0,0,0,0,0,1,0,0,0,"[""Pride""]","[""Pride""]","[""pride""]","[""Pride""]","[""Pride""]"
ee7vv35,I FUCKING WIN,0,0,0,0,0,1,0,0,0,1,0,0,0,0,0,0,0,0,0,1,0,0,0,"[""Gratification"", ""Pride"", ""Satisfaction""]","[""Pride""]","[""pride""]","[""Pride""]","[""Gloating"", ""Joy"", ""Pride""]"
eevqtgr,"I personally am very proud to be a vegetable. Corn, to be exact. Corn pride y'all",0,0,0,0,0,0,0,0,0,0,0,0,0,0,0,0,0,0,0,1,0,0,0,"[""Pride""]","[""Pride""]","[""pride""]","[""Pride""]","[""Joy"", ""Pride""]"
eeq54x2,"except that he can't, he already played a South American U20 with Argentina which cap ties him.",0,0,0,0,0,0,1,0,0,0,0,0,0,0,0,0,0,0,0,1,0,0,0,"[""Fears-Confirmed"", ""Pride""]","[""Pride""]","[""pride""]","[""Pride""]","[""Fears-Confirmed"", ""Disappointment""]"
edcrm0x,This sub doesnâ€™t like the pro sports teams until they win a championship. Then everyone becomes a die hard fan.,0,0,0,0,0,0,0,0,0,0,0,0,0,0,0,0,0,0,0,1,0,0,1,"[""Pride"", ""Reproach""]","[""Pride""]","[""disgust"", ""pride""]","[""Pride""]","[""Resentment"", ""Reproach""]"
eda6ay0,Just to tax a bit of the smug out of them would be worth it in itself.,0,0,0,1,0,0,0,0,0,0,0,0,0,0,0,0,0,0,0,1,0,0,0,"[""Gloating"", ""Pride""]","[""Pride""]","[""pride""]","[""Pride""]","[""Resentment"", ""Reproach""]"
ef479ft,Solid argument. Honestly this gameâ€™s a mess and impossible to balance for both sides equally.,0,0,0,0,0,0,0,1,1,0,0,0,0,0,0,0,0,0,0,0,0,0,0,"[""Disappointment"", ""Relief""]","[""Relief""]","[""relief""]","[""Relief""]","[""Disappointment"", ""Distress""]"
edofyho,"Yeah that's about what I found. Not that specific page but I got into ""My Profile"" ",1,0,0,0,0,0,0,1,0,0,0,0,0,0,0,0,0,0,0,0,0,0,0,"[""Neutral"", ""Relief""]","[""Relief""]","[""approval"", ""relief""]","[""Relief""]","[""Neutral""]"
edmplco,Good thing you did not live near a Guatemalan insane asylum.,0,0,0,0,0,0,0,1,0,0,0,0,0,0,0,0,0,0,0,0,0,0,1,"[""Relief"", ""Reproach""]","[""Relief""]","[""approval"", ""relief""]","[""Relief""]","[""Relief"", ""Distress""]"
efhb653,Ice at the office sounds like such a luxury to me! I wish!,1,0,0,0,0,0,0,1,0,0,0,0,0,0,0,0,0,0,0,0,0,0,0,"[""Neutral"", ""Relief""]","[""Relief""]","[""excitement"", ""relief""]","[""Relief""]","[""Hope"", ""Admiration""]"
eelejb6,At least no one threw water on him and exacerbated things,0,0,0,0,0,0,0,1,0,0,0,0,0,0,0,0,0,0,0,0,0,0,0,"[""Relief""]","[""Relief""]","[""relief""]","[""Relief""]","[""Relief""]"
ed1t7dz,"I'm 'old school' Manual; left arm (unless contraindicated), straightened, relaxed breathing, no talking, slow release.",1,0,0,0,0,0,0,1,0,0,0,0,0,0,0,0,0,0,0,0,0,0,0,"[""Neutral"", ""Relief""]","[""Relief""]","[""relief""]","[""Relief""]","[""Neutral""]"
edpja5m,A life well spent....,0,0,0,0,0,1,0,1,0,1,0,0,0,0,0,0,0,0,0,1,0,0,0,"[""Gratification"", ""Pride"", ""Relief"", ""Satisfaction""]","[""Relief""]","[""relief""]","[""Relief""]","[""Satisfaction"", ""Gratification"", ""Pride""]"
ednq9cz,It's great you have a friend with the same struggles as long as you both encourage each other to do better. It can be very comforting.,0,0,0,0,0,0,0,1,0,0,0,0,0,0,0,1,0,0,0,0,0,1,0,"[""Admiration"", ""Hope"", ""Relief""]","[""Relief""]","[""relief""]","[""Relief""]","[""Relief"", ""Hope"", ""Admiration""]"
eesghki,"Yeah lol like I'm cool with signing/drafting DL but pls not in the first like 3 rounds lol, much less at 2.",1,0,0,0,0,0,0,1,0,0,0,0,0,0,0,0,0,0,0,0,0,0,0,"[""Neutral"", ""Relief""]","[""Relief""]","[""relief""]","[""Relief""]","[""Neutral""]"
ednp1ld,For goodness sake give [NAME] a rest. After the last game he said he was so tired from running so much.,0,0,0,0,1,0,0,1,0,0,0,0,0,0,0,0,0,0,0,0,0,0,0,"[""Pity"", ""Relief""]","[""Relief""]","[""relief""]","[""Relief""]","[""Pity"", ""Reproach""]"
efdj700,Sounds like my kind of place.,0,0,0,0,0,0,0,1,0,0,0,0,0,0,0,0,0,0,0,0,0,1,0,"[""Admiration"", ""Relief""]","[""Relief""]","[""relief""]","[""Relief""]","[""Satisfaction""]"
eek7x6k,"[NAME], Big Bang Theory is terrible so glad it's going to be gone.",0,0,0,1,0,0,0,1,0,0,0,0,0,0,1,0,0,0,0,0,0,0,0,"[""Gloating"", ""Hate"", ""Relief""]","[""Relief""]","[""relief""]","[""Relief""]","[""Gloating"", ""Satisfaction"", ""Relief""]"
ed6wl4n,This makes me feel so much better about the things Iâ€™ve done that make me cringe.,0,0,0,0,0,0,0,1,0,0,0,0,0,0,0,0,0,0,0,0,1,0,0,"[""Relief"", ""Shame""]","[""Relief""]","[""relief""]","[""Relief""]","[""Relief"", ""Remorse""]"
eembwl6,I need to shower after reading this,0,0,0,0,0,0,0,1,0,0,0,0,0,0,0,0,0,0,1,0,0,0,1,"[""Distress"", ""Relief"", ""Reproach""]","[""Relief""]","[""relief""]","[""Relief""]","[""Distress""]"
edh01jk,Volunteer. Helping people in need will make you feel better about both yourself and others.,0,0,0,0,0,0,0,1,0,1,0,0,0,0,0,0,0,0,0,0,0,1,0,"[""Admiration"", ""Gratification"", ""Relief""]","[""Relief""]","[""relief""]","[""Relief""]","[""Gratification"", ""Hope"", ""Joy"", ""Admiration""]"
eehld4o,"You're already watching the world crash and burn, buddy. The progress toward human extinction is irreversible now. Your tormented heart can rest easy.",0,0,0,1,0,0,0,1,0,0,0,0,0,0,0,0,0,0,1,0,0,0,0,"[""Distress"", ""Gloating"", ""Relief""]","[""Relief""]","[""relief""]","[""Relief""]","[""Gloating"", ""Fears-Confirmed"", ""Relief"", ""Distress""]"
efh4awk,"At last, someone I can share this accomplishment with! ",0,0,0,0,0,1,0,1,0,1,0,0,0,0,0,0,0,0,0,0,0,0,0,"[""Gratification"", ""Relief"", ""Satisfaction""]","[""Relief""]","[""relief""]","[""Relief""]","[""Joy"", ""Pride""]"
edn3i7x,i know this isn't a private corporation and only the government so no real reason to be that concerned.,0,0,0,0,0,0,0,1,0,0,0,0,0,0,0,0,0,0,0,0,0,0,0,"[""Relief""]","[""Relief""]","[""relief""]","[""Relief""]","[""Neutral""]"
ee2r6ec,And oof for the red car,0,0,0,0,1,0,0,1,0,0,0,0,0,0,0,0,0,0,0,0,0,0,0,"[""Pity"", ""Relief""]","[""Relief""]","[""relief""]","[""Relief""]","[""Pity""]"
ee8nppc,I've had a crown and bracelets made for me with old ad. Glad I'm not alone,0,0,0,0,0,0,0,1,0,1,0,0,0,0,0,0,0,0,0,0,0,0,0,"[""Gratification"", ""Relief""]","[""Relief""]","[""relief""]","[""Relief""]","[""Relief"", ""Gratification""]"
edawaq2,Fuck i think I whooshed myself,0,0,0,0,0,0,0,1,1,0,0,0,0,0,0,0,0,0,0,0,0,0,0,"[""Disappointment"", ""Relief""]","[""Relief""]","[""confusion"", ""relief""]","[""Relief""]","[""Distress"", ""Shame""]"
eeo6eub,Thank [NAME] for the disclaimer you almost tricked me justin,0,0,0,0,0,0,0,1,0,0,0,1,0,0,0,0,0,0,0,0,0,0,1,"[""Gratitude"", ""Relief"", ""Reproach""]","[""Relief""]","[""relief""]","[""Relief""]","[""Gratitude"", ""Reproach""]"
eekd385,"There isn't. It's a brigaded thread. Good opportunity to tag accounts, though.",0,0,0,0,0,0,0,1,0,0,0,0,0,0,0,0,0,0,0,0,0,0,1,"[""Relief"", ""Reproach""]","[""Relief""]","[""relief""]","[""Relief""]","[""Neutral""]"
ef1gqzt,"I do that on my boyfriend too haha, super soft and makes me feel safe! Maybe we are all crazy",0,0,0,0,0,0,0,1,0,0,0,0,0,1,0,0,0,1,0,0,0,1,0,"[""Admiration"", ""Joy"", ""Love"", ""Relief""]","[""Relief""]","[""amusement"", ""relief""]","[""Relief""]","[""Love"", ""Joy""]"
efh4awk,"At last, someone I can share this accomplishment with! ",0,0,0,0,0,0,0,1,0,1,0,0,0,0,0,0,0,1,0,0,0,0,0,"[""Gratification"", ""Joy"", ""Relief""]","[""Relief""]","[""relief""]","[""Relief""]","[""Joy"", ""Pride""]"
ee8ur55,"Oh man, when HQGs gets on a roll itâ€™s so good.",0,0,0,0,0,0,0,1,0,0,0,0,0,0,0,0,0,0,0,0,0,1,0,"[""Admiration"", ""Relief""]","[""Relief""]","[""relief""]","[""Relief""]","[""Satisfaction"", ""Joy"", ""Admiration""]"
ee6nuu3,"Bhahaha! Iâ€™m sorry, that sounds awful.",0,0,0,1,1,0,0,0,0,0,0,0,0,0,0,0,1,0,0,0,0,0,0,"[""Fear"", ""Gloating"", ""Pity""]","[""Fear""]","[""caring"", ""fear""]","[""Fear""]","[""Gloating"", ""Pity""]"
edv14ph,Is that the only symptoms youâ€™ve noticed? Are you normally worried for social situation?,1,0,0,0,0,0,0,0,0,0,0,0,0,0,0,0,1,0,0,0,0,0,0,"[""Fear"", ""Neutral""]","[""Fear""]","[""fear"", ""nervousness""]","[""Fear""]","[""Neutral""]"
ee7rdru,"As much as he's a bit of a nutter, he does keep his word as far as I can tell.",0,0,0,0,0,0,0,0,0,0,0,0,0,0,0,0,1,0,0,0,0,1,0,"[""Admiration"", ""Fear""]","[""Fear""]","[""fear""]","[""Fear""]","[""Neutral"", ""Admiration""]"
ef3dbab,"Thank you very much. I try my best to follow my steps from therapy, but it seems to be my biggest hurdle.",0,0,0,0,0,0,0,0,0,0,0,1,0,0,0,0,1,0,1,0,0,0,0,"[""Distress"", ""Fear"", ""Gratitude""]","[""Fear"", ""Gratitude""]","[""fear"", ""gratitude""]","[""Fear"", ""Gratitude""]","[""Gratitude"", ""Distress""]"
ednqu4x,It's practically non existent. Im mostly afraid to initiate a hug because I'm afraid I don't know/forgot how to hug.,0,0,0,0,0,0,0,0,0,0,0,0,0,0,0,0,1,0,1,0,1,0,0,"[""Distress"", ""Fear"", ""Shame""]","[""Fear""]","[""fear"", ""nervousness""]","[""Fear""]","[""Fear"", ""Distress"", ""Shame""]"
ed2mr1u,"Well, since everything in Australia wants to kill you, I'd say it is quite healthy to be afraid of Australian spiders, and other flora and fauna ",0,0,0,0,0,0,0,0,0,0,0,0,0,0,0,0,1,0,0,0,0,0,0,"[""Fear""]","[""Fear""]","[""fear"", ""nervousness""]","[""Fear""]","[""Fear""]"
ef16sde,I donâ€™t understand how her parents were able to take kid when she claims they are horrible alcoholics,0,0,0,0,0,0,0,0,0,0,0,0,0,0,0,0,1,0,1,0,0,0,1,"[""Distress"", ""Fear"", ""Reproach""]","[""Fear""]","[""fear"", ""nervousness""]","[""Fear""]","[""Distress"", ""Reproach""]"
ef7m64x,This is horrifying,0,0,0,0,0,0,0,0,0,0,0,0,0,0,0,0,1,0,1,0,0,0,0,"[""Distress"", ""Fear""]","[""Fear""]","[""fear"", ""surprise""]","[""Fear""]","[""Fear"", ""Distress""]"
ee22hrh,Ill send the dankest of fresh memes so theyll scurry off to steal them,0,0,0,1,0,0,0,0,0,0,0,0,0,0,0,0,1,0,0,0,0,0,0,"[""Fear"", ""Gloating""]","[""Fear""]","[""fear""]","[""Fear""]","[""Gloating""]"
ed0khbn,Damn she might have actually had a stroke if she started panicking,0,0,0,0,1,0,0,0,0,0,0,0,0,0,0,0,1,0,0,0,0,0,0,"[""Fear"", ""Pity""]","[""Fear""]","[""fear"", ""optimism""]","[""Fear"", ""Hope""]","[""Fear"", ""Distress""]"
edjiygc,Thatâ€™s scary,0,0,0,0,0,0,0,0,0,0,0,0,0,0,0,0,1,0,0,0,0,0,0,"[""Fear""]","[""Fear""]","[""fear"", ""nervousness""]","[""Fear""]","[""Fear"", ""Distress""]"
edavxco,Watching it deteriorate into a horrific dystopia. Healthcare costs. Dental. Low wages.,0,0,0,0,0,0,1,0,1,0,0,0,0,0,0,0,1,0,1,0,0,0,0,"[""Disappointment"", ""Distress"", ""Fear"", ""Fears-Confirmed""]","[""Fear""]","[""fear"", ""nervousness""]","[""Fear""]","[""Disappointment"", ""Fear"", ""Distress""]"
eeqfg2o,The photos are haunting,0,0,0,0,0,0,0,0,0,0,0,0,0,0,0,0,1,0,1,0,0,0,0,"[""Distress"", ""Fear""]","[""Fear""]","[""fear""]","[""Fear""]","[""Distress""]"
ed6q398,My nightmare is having an iphone.,0,0,0,0,0,0,0,0,0,0,0,0,0,0,0,0,1,0,1,0,0,0,0,"[""Distress"", ""Fear""]","[""Fear""]","[""fear""]","[""Fear""]","[""Fear"", ""Distress""]"
edax3au,All the replies take his quote a little too seriously,0,0,0,0,0,0,0,0,0,0,0,0,0,0,0,0,1,0,0,0,0,0,1,"[""Fear"", ""Reproach""]","[""Fear""]","[""fear""]","[""Fear""]","[""Neutral""]"
eeohvuu,Scars do not fade after 2 weeks. Its gonna take a few months. I've got some nasty scars too girl I feel your pain,0,0,0,0,1,0,0,0,0,0,0,0,0,0,0,0,1,0,1,0,0,0,0,"[""Distress"", ""Fear"", ""Pity""]","[""Fear""]","[""fear""]","[""Fear""]","[""Pity"", ""Distress""]"
eep9ir9,Oh gosh that's no good! Perhaps the other options are better places to start,0,0,0,0,1,0,0,0,0,0,0,0,0,0,0,1,1,0,0,0,0,0,0,"[""Fear"", ""Hope"", ""Pity""]","[""Fear""]","[""fear"", ""nervousness""]","[""Fear""]","[""Pity"", ""Hope""]"
ef6c4f3,"It's a Falling In Reverse song, which makes it even more terrifying",0,0,0,0,0,0,0,0,0,0,0,0,0,0,0,0,1,0,0,0,0,0,0,"[""Fear""]","[""Fear""]","[""fear""]","[""Fear""]","[""Fear""]"
een73qk,Thatâ€™s nightmare fuel right there,0,0,0,0,0,0,0,0,0,0,0,0,0,0,0,0,1,0,1,0,0,0,0,"[""Distress"", ""Fear""]","[""Fear""]","[""fear""]","[""Fear""]","[""Fear"", ""Distress""]"
eecglu3,"It would probably be horrifying if we tried, when a bug causes an integer overflow and resets our aggression levels. ",0,0,0,0,0,0,0,0,0,0,0,0,0,0,0,0,1,0,0,0,0,0,0,"[""Fear""]","[""Fear""]","[""fear""]","[""Fear""]","[""Fear"", ""Distress""]"
eea0vlj,Iâ€™ve been kicked in the leg my foots been stamped on. I canâ€™t imagine the pain of this,0,0,0,0,1,0,0,0,0,0,0,0,0,0,0,0,1,0,0,0,0,0,0,"[""Fear"", ""Pity""]","[""Fear""]","[""fear""]","[""Fear""]","[""Pity"", ""Distress""]"
ed6gbmd,My biggest fear is catching feelings. I got dangerously close once lol. Itâ€™s just about self control.,0,0,0,0,0,0,0,0,0,0,0,0,0,0,0,0,1,0,0,1,0,0,0,"[""Fear"", ""Pride""]","[""Fear""]","[""amusement"", ""fear""]","[""Fear""]","[""Fear"", ""Distress""]"
eehxep8,Right like interacting with each other having a normal evening? Ugh theyâ€™re both so trashy Iâ€™m sorry.,0,0,0,0,0,0,0,0,0,0,0,0,0,0,0,0,1,0,1,0,0,0,1,"[""Distress"", ""Fear"", ""Reproach""]","[""Fear""]","[""fear""]","[""Fear""]","[""Anger"", ""Distress"", ""Reproach""]"
edrpy4s,"Really visually haunting though. For me, it makes me think of strange alternate futures and dystopian sci-fi worlds. ",0,0,0,0,0,0,0,0,0,0,0,0,0,0,0,0,1,0,1,0,0,0,0,"[""Distress"", ""Fear""]","[""Fear""]","[""fear"", ""nervousness""]","[""Fear""]","[""Neutral"", ""Fear"", ""Distress""]"
eexyvx1,"Yes,on top of that feel like vomitting,can't breathe and thinking I will faint.",0,0,0,0,0,0,0,0,0,0,0,0,0,0,0,0,1,0,1,0,0,0,0,"[""Distress"", ""Fear""]","[""Fear""]","[""fear""]","[""Fear""]","[""Fear"", ""Distress""]"
eemgpyf,I'm 34 and disappointing my mother is still my greatest fear.,0,0,0,0,0,0,0,0,0,0,0,0,0,0,0,0,1,0,0,0,1,0,0,"[""Fear"", ""Shame""]","[""Fear""]","[""fear""]","[""Fear""]","[""Fear"", ""Distress"", ""Shame""]"
eepfryr,Great minds more like... And youtube suggestions.,1,0,0,0,0,0,0,0,0,0,0,0,0,0,0,0,0,0,0,0,0,0,1,"[""Neutral"", ""Reproach""]","[""Neutral""]","[""neutral""]","[""Neutral""]","[""Neutral""]"
ed0b1l2,The sister?,1,0,0,0,0,0,0,0,0,0,0,0,0,0,0,0,0,0,0,0,0,0,0,"[""Neutral""]","[""Neutral""]","[""neutral""]","[""Neutral""]","[""Neutral""]"
eekqmin,I completely despise bixby with the intensity of the sun.,1,0,0,0,0,0,0,0,0,0,0,0,0,0,1,0,0,0,0,0,0,0,0,"[""Hate"", ""Neutral""]","[""Neutral""]","[""neutral""]","[""Neutral""]","[""Anger"", ""Hate""]"
ef92sr4,I didnâ€™t know [NAME] was in middle school! Is she really say crap like that as a grown woman? TLC created this monster!!,1,0,0,0,0,0,0,0,0,0,0,0,1,0,0,0,0,0,0,0,0,0,1,"[""Anger"", ""Neutral"", ""Reproach""]","[""Neutral""]","[""neutral""]","[""Neutral""]","[""Disappointment"", ""Anger"", ""Reproach""]"
ed7310g,Me. I really needed to see this. â˜¹ï¸,1,0,0,0,0,0,0,0,0,0,0,0,0,0,0,0,0,0,1,0,0,0,0,"[""Distress"", ""Neutral""]","[""Neutral""]","[""neutral""]","[""Neutral""]","[""Hope"", ""Distress""]"
eevgy92,He does not want to hear the plans that will work though.,1,0,0,0,0,0,0,0,0,0,0,0,0,0,0,0,0,0,0,0,0,0,1,"[""Neutral"", ""Reproach""]","[""Neutral""]","[""neutral""]","[""Neutral""]","[""Resentment"", ""Reproach""]"
ee3qrdt,You got more upvotes. Now you are beating me.,1,0,1,0,0,0,0,0,0,0,0,0,0,0,0,0,0,0,0,0,0,0,0,"[""Neutral"", ""Resentment""]","[""Neutral""]","[""neutral""]","[""Neutral""]","[""Resentment"", ""Disappointment""]"
efh1dej,"Not at all,I've got friends I never did anything with",1,0,0,0,0,0,0,0,0,0,0,0,0,0,0,0,0,0,1,0,0,0,0,"[""Distress"", ""Neutral""]","[""Neutral""]","[""neutral""]","[""Neutral""]","[""Neutral""]"
edx65t3,Dead Island 2 is in developent hell still. They just changed devs again.,1,0,0,0,0,0,0,0,1,0,0,0,0,0,0,0,0,0,0,0,0,0,0,"[""Disappointment"", ""Neutral""]","[""Neutral""]","[""neutral""]","[""Neutral""]","[""Disappointment"", ""Distress""]"
ed0wy0v,I wouldnt mind seeig a few rushes with that NFL overhead cam.,1,0,0,0,0,0,0,0,0,0,0,0,0,0,0,1,0,0,0,0,0,0,0,"[""Hope"", ""Neutral""]","[""Neutral""]","[""neutral""]","[""Neutral""]","[""Neutral""]"
ed1fxzm,"As of about 15 minutes ago Edit: yes, I know I have a problem",1,0,0,0,0,0,0,0,0,0,0,0,0,0,0,0,0,0,0,0,1,0,0,"[""Neutral"", ""Shame""]","[""Neutral""]","[""neutral""]","[""Neutral""]","[""Neutral""]"
eei2rdp,Is that [NAME],1,0,0,0,0,0,0,0,0,0,0,0,0,0,0,0,0,0,0,0,0,0,0,"[""Neutral""]","[""Neutral""]","[""neutral""]","[""Neutral""]","[""Neutral""]"
ee21tnl,Do you people just sit in meme economy and wait for something new to come up?,1,0,0,0,0,0,0,0,0,0,0,0,0,0,0,0,0,0,0,0,0,0,1,"[""Neutral"", ""Reproach""]","[""Neutral""]","[""neutral""]","[""Neutral""]","[""Reproach""]"
eeam1qu,True Story.,1,0,0,0,0,0,0,0,0,0,0,0,0,0,0,0,0,0,0,0,0,0,0,"[""Neutral""]","[""Neutral""]","[""neutral""]","[""Neutral""]","[""Neutral""]"
edozs6f,Fat dad=fat kid,1,0,0,0,0,0,0,0,0,0,0,0,0,0,0,0,0,0,0,0,0,0,1,"[""Neutral"", ""Reproach""]","[""Neutral""]","[""neutral""]","[""Neutral""]","[""Distress"", ""Reproach""]"
ed80uhh,"Yeah, might just grab a coffee and be done with it.",1,0,0,0,0,0,0,0,0,0,0,0,0,0,0,0,0,0,0,0,0,0,0,"[""Neutral""]","[""Neutral""]","[""neutral""]","[""Neutral""]","[""Neutral""]"
ed2d79u,"Just curious, would it be logged on the system if they were accessed?",1,0,0,0,0,0,0,0,0,0,0,0,0,0,0,0,0,0,0,0,0,0,0,"[""Neutral""]","[""Neutral""]","[""neutral""]","[""Neutral""]","[""Neutral""]"
eeojcvk,"[NAME]: ""She seems useless""",1,0,0,0,0,0,0,0,0,0,0,0,0,0,0,0,0,0,0,0,0,0,1,"[""Neutral"", ""Reproach""]","[""Neutral""]","[""neutral""]","[""Neutral""]","[""Resentment"", ""Reproach""]"
ee6z5qo,Fire the ux designers and yes also our beloved [NAME],1,0,0,0,0,0,0,0,0,0,0,0,0,0,0,0,0,0,0,0,0,0,1,"[""Neutral"", ""Reproach""]","[""Neutral""]","[""neutral""]","[""Neutral""]","[""Resentment"", ""Anger"", ""Reproach""]"
edz5p12,"Right, I never said it wasn't. There's been a lot of unjust laws. I was just curious if you actually agreed with that.",1,0,0,0,0,0,0,0,0,0,0,0,0,0,0,0,0,0,0,0,0,0,0,"[""Neutral""]","[""Neutral""]","[""neutral""]","[""Neutral""]","[""Neutral""]"
ee5fh2g,"We try too, but more often than not those who wish to discuss are not on the level, rare is a Lib here in good faith.",1,0,0,0,0,0,0,0,0,0,0,0,0,0,0,0,0,0,1,0,0,0,1,"[""Distress"", ""Neutral"", ""Reproach""]","[""Neutral""]","[""neutral""]","[""Neutral""]","[""Resentment"", ""Disappointment""]"
ee4bovl,The prevailing expectation is that Hulu will become 100% Disney owned in the future.,1,0,0,0,0,0,0,0,0,0,0,0,0,0,0,0,0,0,0,0,0,0,0,"[""Neutral""]","[""Neutral""]","[""neutral""]","[""Neutral""]","[""Neutral""]"
ef7tujo,Note to self: Stay off political subreddits while eating.,1,0,0,0,0,0,0,0,1,0,0,0,0,0,0,0,0,0,0,0,0,0,0,"[""Disappointment"", ""Neutral""]","[""Neutral""]","[""neutral""]","[""Neutral""]","[""Neutral""]"
edidyqn,"No, no the PTA has not disbanded!",1,0,0,0,0,0,0,1,0,0,0,0,0,0,0,0,0,0,0,0,0,0,0,"[""Neutral"", ""Relief""]","[""Neutral""]","[""neutral""]","[""Neutral""]","[""Relief""]"
ed58xh0,People only treat you the way you allow them to.,1,0,0,0,0,0,0,0,0,0,0,0,0,0,0,0,0,0,0,0,0,0,1,"[""Neutral"", ""Reproach""]","[""Neutral""]","[""neutral""]","[""Neutral""]","[""Neutral""]"
efgobbx,"It's called Middle Class Syndrome. ""Bad things happen to *other people*.""",1,0,0,0,0,0,0,0,0,0,0,0,0,0,0,0,0,0,0,0,0,0,1,"[""Neutral"", ""Reproach""]","[""Neutral""]","[""neutral""]","[""Neutral""]","[""Resentment"", ""Gloating""]"
efehhok,No. You seem to still be completely misunderstanding what memory conformity is. Are you familiar with the process as documented in the peer-reviewed literature?,1,0,0,0,0,0,0,0,0,0,0,0,0,0,0,0,0,0,0,0,0,0,1,"[""Neutral"", ""Reproach""]","[""Neutral""]","[""neutral""]","[""Neutral""]","[""Reproach""]"
eeyd4f8,"You say 'A single MP' as if it's not that big of a deal. In my humble opinion, that's still probably one too many...",1,0,0,0,0,0,0,0,0,0,0,0,0,0,0,0,0,0,0,0,0,0,1,"[""Neutral"", ""Reproach""]","[""Neutral""]","[""neutral""]","[""Neutral""]","[""Resentment"", ""Reproach""]"
efa3toi,i think he did. of course iâ€™m not sure since it didnâ€™t happen to me but to a close friend,1,0,0,0,0,0,0,0,0,0,0,0,0,0,0,0,0,0,0,0,0,0,0,"[""Neutral""]","[""Neutral""]","[""neutral""]","[""Neutral""]","[""Neutral""]"
ef530ti,That Iâ€™d have no way of verifying. Trolls can report things as well as normal users.,1,0,0,0,0,0,0,0,1,0,0,0,0,0,0,0,0,0,1,0,0,0,0,"[""Disappointment"", ""Distress"", ""Neutral""]","[""Neutral""]","[""neutral""]","[""Neutral""]","[""Neutral""]"
ef7pef7,Can [NAME] just shut up and appreciate her dog?,1,0,0,0,0,0,0,0,0,0,0,0,1,0,0,0,0,0,0,0,0,0,1,"[""Anger"", ""Neutral"", ""Reproach""]","[""Neutral""]","[""neutral""]","[""Neutral""]","[""Anger"", ""Reproach""]"
ee1xqeb,"He is not acknowledging anything, he is hoovering. Donâ€™t fall for it.",1,0,0,0,0,0,0,0,0,0,0,0,0,0,0,0,1,0,0,0,0,0,1,"[""Fear"", ""Neutral"", ""Reproach""]","[""Neutral""]","[""neutral""]","[""Neutral""]","[""Anger"", ""Reproach""]"
ee3tp3u,So either the dog is sick or the owner has non-trivial mental illnesses.,1,0,0,0,0,0,0,0,0,0,0,0,0,0,0,0,0,0,1,0,0,0,1,"[""Distress"", ""Neutral"", ""Reproach""]","[""Neutral""]","[""neutral""]","[""Neutral""]","[""Distress"", ""Reproach""]"
eehhubf,So much tininess!,1,0,0,0,0,0,0,0,0,0,0,0,0,0,0,0,0,0,0,0,0,0,0,"[""Neutral""]","[""Neutral""]","[""neutral""]","[""Neutral""]","[""Neutral""]"
ed339lk,Oh hell yeah. The Don is perfect for when [NAME] rounds into the second half of his career after heâ€™s collected a few rings.,1,1,0,0,0,0,0,0,0,0,0,0,0,0,0,0,0,0,0,0,0,1,0,"[""Admiration"", ""Happy-for"", ""Neutral""]","[""Neutral""]","[""neutral""]","[""Neutral""]","[""Satisfaction"", ""Hope"", ""Joy"", ""Admiration""]"
ee5uiut,Omg I thought it said it aired the 7th. I feel dumb. Ty.,1,0,0,0,0,0,0,0,0,0,0,1,0,0,0,0,0,0,0,0,1,0,0,"[""Gratitude"", ""Neutral"", ""Shame""]","[""Neutral""]","[""neutral""]","[""Neutral""]","[""Gratitude"", ""Shame""]"
edm95ms,If thatâ€™s true itâ€™s very desperate. You would think he had some better way of communicating.,1,0,0,0,0,0,0,0,0,0,0,0,0,0,0,0,0,0,1,0,0,0,1,"[""Distress"", ""Neutral"", ""Reproach""]","[""Neutral""]","[""neutral""]","[""Neutral""]","[""Disappointment"", ""Reproach""]"
efgg3yz,Yeah I wish they hadn't opened the entire game with the ol' [NAME].,1,0,0,0,0,0,0,0,1,0,0,0,0,0,0,0,0,0,0,0,0,0,0,"[""Disappointment"", ""Neutral""]","[""Neutral""]","[""neutral""]","[""Neutral""]","[""Disappointment""]"
ed8zjmp,"I can only imagine what we call it when you have sex, then.",1,0,0,0,0,0,0,0,0,0,0,0,0,0,0,0,0,0,0,0,0,0,1,"[""Neutral"", ""Reproach""]","[""Neutral""]","[""neutral""]","[""Neutral""]","[""Reproach""]"
ef7x1e2,Maybe she recognized you and didnâ€™t want to hear your (obviously) stupid comments.,1,0,0,0,0,0,0,0,0,0,0,0,1,0,0,0,0,0,0,0,0,0,1,"[""Anger"", ""Neutral"", ""Reproach""]","[""Neutral""]","[""neutral""]","[""Neutral""]","[""Anger"", ""Reproach""]"
eeaopd2,"If you are as ugly as you say you are, you're already a statistical outlier.",1,0,0,0,0,0,0,0,0,0,0,0,0,0,0,0,0,0,0,0,0,0,1,"[""Neutral"", ""Reproach""]","[""Neutral""]","[""neutral""]","[""Neutral""]","[""Distress"", ""Reproach""]"
edxn4ma,That's when you pop your Shadow Blade and go invisible.,1,0,0,0,0,0,0,0,0,0,0,0,0,0,0,0,0,0,0,0,0,0,0,"[""Neutral""]","[""Neutral""]","[""neutral""]","[""Neutral""]","[""Neutral""]"
edo3bp6,Is he from ohio?!,1,0,0,0,0,0,0,0,0,0,0,0,0,0,0,0,0,0,0,0,0,0,0,"[""Neutral""]","[""Neutral""]","[""neutral""]","[""Neutral""]","[""Neutral""]"
ee8otcl,Yeah itâ€™s not like I want my cat to lick me in a sexual way thatâ€™s just weird.,1,0,0,0,0,0,0,0,0,0,0,0,0,0,0,0,0,0,1,0,0,0,1,"[""Distress"", ""Neutral"", ""Reproach""]","[""Neutral""]","[""neutral""]","[""Neutral""]","[""Distress"", ""Reproach""]"
edvsn4e,Did you miss the massive throbbing erection the Dems had over the no fly no buy thing?,1,0,0,0,0,0,0,0,0,0,0,0,1,0,0,0,0,0,0,0,0,0,1,"[""Anger"", ""Neutral"", ""Reproach""]","[""Neutral""]","[""neutral""]","[""Neutral""]","[""Resentment"", ""Anger"", ""Reproach""]"
eejjbfr,Are you hoping to dm or play? I won't say to to a new group!,1,0,0,0,0,0,0,0,0,0,0,0,0,0,0,1,0,0,0,0,0,0,0,"[""Hope"", ""Neutral""]","[""Neutral""]","[""neutral""]","[""Neutral""]","[""Hope""]"
eekmy7q,Did he mention what you guys would do?,1,0,0,0,0,0,0,0,0,0,0,0,0,0,0,0,0,0,0,0,0,0,0,"[""Neutral""]","[""Neutral""]","[""neutral""]","[""Neutral""]","[""Neutral""]"
eebk4rf,My arms are hairier than yours and my husband has never minded.,1,0,0,0,0,0,0,0,0,0,0,0,0,0,0,0,0,0,0,1,0,0,0,"[""Neutral"", ""Pride""]","[""Neutral""]","[""neutral""]","[""Neutral""]","[""Neutral"", ""Satisfaction""]"
ed9tuuy,The real reason [NAME] hates pewdiepie,1,0,0,0,0,0,0,0,0,0,0,0,0,0,1,0,0,0,0,0,0,0,1,"[""Hate"", ""Neutral"", ""Reproach""]","[""Neutral""]","[""neutral""]","[""Neutral""]","[""Hate""]"
ee70lll,">!Royalty, half of them are all related one way or another!<",1,0,0,0,0,0,0,0,0,0,0,0,0,0,0,0,0,0,0,0,0,0,1,"[""Neutral"", ""Reproach""]","[""Neutral""]","[""neutral""]","[""Neutral""]","[""Neutral""]"
ed3owe2,"You don't have to act angry about things that annoy you, though. ",1,0,0,0,0,0,0,0,0,0,0,0,0,0,0,0,0,0,0,0,0,0,0,"[""Neutral""]","[""Neutral""]","[""neutral""]","[""Neutral""]","[""Neutral""]"
efdmh8t,Florida too!,1,0,0,0,0,0,0,0,0,0,0,0,0,0,0,0,0,0,0,0,0,0,0,"[""Neutral""]","[""Neutral""]","[""neutral""]","[""Neutral""]","[""Neutral""]"
eeryfcw,Also r/justnomil holy doodles man they are nutso.,1,0,0,0,0,0,0,0,0,0,0,0,0,0,0,0,0,0,0,0,0,0,1,"[""Neutral"", ""Reproach""]","[""Neutral""]","[""neutral""]","[""Neutral""]","[""Distress"", ""Reproach""]"
ed1clkx,I agree. She seemed to truly love [NAME] . [NAME] loves the life [NAME] provides fir him. Itâ€™s a sad situation.,1,0,0,0,1,0,0,0,0,0,0,0,0,0,0,0,0,0,0,0,0,0,0,"[""Neutral"", ""Pity""]","[""Neutral""]","[""neutral""]","[""Neutral""]","[""Love"", ""Distress""]"
ef7f04d,Miami - Dade,1,0,0,0,0,0,0,0,0,0,0,0,0,0,0,0,0,0,0,0,0,0,0,"[""Neutral""]","[""Neutral""]","[""neutral""]","[""Neutral""]","[""Neutral""]"
eej6i9l,"For me, the only thing that makes it cringe is [NAME] covering his mouth",1,0,0,0,0,0,0,0,0,0,0,0,0,0,0,0,0,0,0,0,0,0,1,"[""Neutral"", ""Reproach""]","[""Neutral""]","[""neutral""]","[""Neutral""]","[""Distress"", ""Reproach""]"
eczkrm7,"Its [NAME], everybodys favorite emotional support badger.",1,0,0,0,0,0,0,0,0,0,0,0,0,0,0,0,0,0,0,0,0,1,0,"[""Admiration"", ""Neutral""]","[""Neutral""]","[""neutral""]","[""Neutral""]","[""Love"", ""Joy""]"
eecgm4j,she looks so happy and well rested,1,0,0,0,0,0,0,0,0,0,0,0,0,0,0,0,0,0,0,0,0,1,0,"[""Admiration"", ""Neutral""]","[""Neutral""]","[""neutral""]","[""Neutral""]","[""Joy"", ""Admiration""]"
ef27iau,No thats [NAME]....,1,0,0,0,0,0,0,0,0,0,0,0,0,0,0,0,0,0,0,0,0,0,0,"[""Neutral""]","[""Neutral""]","[""neutral""]","[""Neutral""]","[""Neutral""]"
edo8w0i,I like [NAME] but I disagree with him here. Then again it's not much surprise that a mega rich globetrotter that lives next to [NAME] would hold such views.,1,0,0,0,0,0,0,0,0,0,0,0,0,0,0,0,0,0,0,0,0,1,1,"[""Admiration"", ""Neutral"", ""Reproach""]","[""Neutral""]","[""neutral""]","[""Neutral""]","[""Neutral"", ""Reproach""]"
eddg3te,"Seeing him give the stone was the only one left in the entire universe, thatâ€™s like having a problem (which is really distribution).",1,0,0,0,0,0,0,0,0,0,0,0,0,0,0,0,0,0,0,0,0,0,0,"[""Neutral""]","[""Neutral""]","[""neutral""]","[""Neutral""]","[""Neutral""]"
ef8hhge,i thought i was the only one who felt this way!,1,0,0,0,0,0,0,1,0,0,0,0,0,0,0,0,0,0,0,0,0,0,0,"[""Neutral"", ""Relief""]","[""Neutral""]","[""neutral""]","[""Neutral""]","[""Relief"", ""Hope""]"
